Code du département;Libellé du département;Inscrits;Abstentions;Votants;Blancs;Nuls;Exprimés;Tour;Place;Nom;Voix
1;Ain;415886;81507;334379;6342;2238;325799;1;1;LE PEN;81455
2;Aisne;375752;80183;295569;5047;2382;288140;1;1;LE PEN;102770
3;Allier;253508;54275;199233;4335;2438;192460;1;1;MACRON;45651
4;Alpes-de-Haute-Provence;126578;24323;102255;1808;733;99714;1;1;LE PEN;24463
5;Hautes-Alpes;109907;20821;89086;1541;618;86927;1;1;MACRON;18948
6;Alpes-Maritimes;761761;161903;599858;9089;2837;587932;1;1;LE PEN;163141
7;Ardèche;249258;46618;202640;3896;3188;195556;1;1;LE PEN;45305
8;Ardennes;194379;44076;150303;2553;947;146803;1;1;LE PEN;47578
9;Ariège;117409;21392;96017;1727;984;93306;1;1;MÉLENCHON;24970
10;Aube;203847;38951;164896;2745;1083;161068;1;1;LE PEN;48846
11;Aude;272695;52553;220142;3867;1914;214361;1;1;LE PEN;60585
12;Aveyron;218276;36378;181898;3630;1805;176463;1;1;MACRON;45584
13;Bouches-du-Rhône;1372394;300146;1072248;16578;5972;1049698;1;1;LE PEN;286397
14;Calvados;501153;90313;410840;6292;2926;401622;1;1;MACRON;99720
15;Cantal;117425;22767;94658;2113;979;91566;1;1;MACRON;24477
16;Charente;259954;54980;204974;3736;2225;199013;1;1;MACRON;49889
17;Charente-Maritime;491369;99351;392018;6848;3105;382065;1;1;MACRON;91355
18;Cher;228983;50910;178073;4010;1377;172686;1;1;LE PEN;41753
19;Corrèze;185277;34299;150978;3429;1936;145613;1;1;MACRON;39218
2A;Corse-du-Sud;108781;33758;75023;1208;947;72868;1;1;LE PEN;20858
2B;Haute-Corse;124875;40907;83968;1666;794;81508;1;1;LE PEN;22183
21;Côte-d'Or;360658;68680;291978;5118;1736;285124;1;1;MACRON;67436
22;Côtes-d'Armor;455958;71617;384341;6436;2936;374969;1;1;MACRON;104969
23;Creuse;93113;19917;73196;1950;995;70251;1;1;MACRON;15807
24;Dordogne;314020;57520;256500;5047;2743;248710;1;1;MÉLENCHON;57132
25;Doubs;368401;76199;292202;5807;2216;284179;1;1;LE PEN;66635
26;Drôme;369489;73210;296279;5470;2068;288741;1;1;LE PEN;68996
27;Eure;427533;82215;345318;6024;2517;336777;1;1;LE PEN;98719
28;Eure-et-Loir;301466;60474;240992;4533;1680;234779;1;1;LE PEN;58886
29;Finistère;690571;120636;569935;9452;3298;557185;1;1;MACRON;164095
30;Gard;537939;107277;430662;7032;2948;420682;1;1;LE PEN;123273
31;Haute-Garonne;906653;170785;735868;11410;5065;719393;1;1;MACRON;190128
32;Gers;144959;23027;121932;2166;1083;118683;1;1;MACRON;27775
33;Gironde;1086982;216602;870380;13936;5624;850820;1;1;MACRON;222287
34;Hérault;800394;159370;641024;10051;4129;626844;1;1;LE PEN;161119
35;Ille-et-Vilaine;730142;116705;613437;10011;4085;599341;1;1;MACRON;181373
36;Indre;170409;34911;135498;3081;1483;130934;1;1;LE PEN;31985
37;Indre-et-Loire;428871;80171;348700;6197;2598;339905;1;1;MACRON;83165
38;Isère;856366;178004;678362;12058;3790;662514;1;1;MACRON;164091
39;Jura;190332;36524;153808;3168;1071;149569;1;1;LE PEN;36110
40;Landes;310197;55411;254786;4844;2076;247866;1;1;MACRON;61043
41;Loir-et-Cher;245321;46325;198996;3692;1566;193738;1;1;LE PEN;48662
42;Loire;510809;108838;401971;7841;2763;391367;1;1;LE PEN;94222
43;Haute-Loire;177158;32875;144283;3341;1365;139577;1;1;MACRON;32821
44;Loire-Atlantique;993538;162597;830941;14639;4845;811457;1;1;MACRON;232602
45;Loiret;452607;87974;364633;6397;2664;355572;1;1;LE PEN;83662
46;Lot;136322;22347;113975;2093;1095;110787;1;1;MACRON;29527
47;Lot-et-Garonne;240931;46805;194126;3660;1644;188822;1;1;LE PEN;47271
48;Lozère;59508;9949;49559;904;508;48147;1;1;FILLON;10986
49;Maine-et-Loire;569425;97038;472387;9767;3662;458958;1;1;MACRON;121685
50;Manche;379104;70202;308902;5632;2824;300446;1;1;MACRON;74683
51;Marne;381696;81265;300431;4851;1811;293769;1;1;LE PEN;82473
52;Haute-Marne;134148;28769;105379;2120;819;102440;1;1;LE PEN;34027
53;Mayenne;222325;36392;185933;4111;1590;180232;1;1;FILLON;48772
54;Meurthe-et-Moselle;495091;106495;388596;6469;2361;379766;1;1;LE PEN;98194
55;Meuse;137629;27849;109780;1944;791;107045;1;1;LE PEN;34602
56;Morbihan;577012;96113;480899;8518;3546;468835;1;1;MACRON;130639
57;Moselle;751271;177500;573771;11251;3303;559217;1;1;LE PEN;158542
58;Nièvre;159425;35457;123968;2550;984;120434;1;1;LE PEN;29817
59;Nord;1804668;417073;1387595;24060;9732;1353803;1;1;LE PEN;382030
60;Oise;562085;113254;448831;8040;2998;437793;1;1;LE PEN;135188
61;Orne;208734;38340;170394;3176;1161;166057;1;1;FILLON;41084
62;Pas-de-Calais;1090368;234194;856174;15351;7671;833152;1;1;LE PEN;286147
63;Puy-de-Dôme;460939;93363;367576;7773;3236;356567;1;1;MACRON;96797
64;Pyrénées-Atlantiques;502378;97357;405021;6685;2683;395653;1;1;MACRON;103958
65;Hautes-Pyrénées;177690;34275;143415;2528;1198;139689;1;1;MACRON;35070
66;Pyrénées-Orientales;347914;73984;273930;4563;2580;266787;1;1;LE PEN;80169
67;Bas-Rhin;766539;154037;612502;9806;4591;598105;1;1;LE PEN;147714
68;Haut-Rhin;526190;110496;415694;9197;2587;403910;1;1;LE PEN;109704
69;Rhône;1155604;249073;906531;13460;4559;888512;1;1;MACRON;236137
70;Haute-Saône;179214;34976;144238;2820;1896;139522;1;1;LE PEN;43753
71;Saône-et-Loire;406418;86784;319634;6874;2809;309951;1;1;LE PEN;75258
72;Sarthe;405440;73577;331863;7302;2117;322444;1;1;FILLON;92261
73;Savoie;310237;62746;247491;4253;1679;241559;1;1;MACRON;55871
74;Haute-Savoie;540033;116275;423758;7765;2495;413498;1;1;FILLON;105057
75;Paris;1301637;210200;1091437;10627;4251;1076559;1;1;MACRON;375006
76;Seine-Maritime;881658;177294;704364;14085;3753;686526;1;1;LE PEN;170945
77;Seine-et-Marne;881558;183302;698256;13069;4596;680591;1;1;MACRON;157314
78;Yvelines;951148;177485;773663;10838;3891;758934;1;1;MACRON;219063
79;Deux-Sèvres;272385;51156;221229;4703;2128;214398;1;1;MACRON;57826
80;Somme;409014;80489;328525;6124;2765;319636;1;1;LE PEN;97081
81;Tarn;291194;50507;240687;4330;2600;233757;1;1;LE PEN;52402
82;Tarn-et-Garonne;183341;32623;150718;2559;1358;146801;1;1;LE PEN;39183
83;Var;794777;169107;625670;9858;3374;612438;1;1;LE PEN;186376
84;Vaucluse;402323;80602;321721;5606;1887;314228;1;1;LE PEN;95930
85;Vendée;514442;82867;431575;8356;4389;418830;1;1;MACRON;109989
86;Vienne;307014;62127;244887;4741;2398;237748;1;1;MACRON;59146
87;Haute-Vienne;266322;50623;215699;4404;2880;208415;1;1;MACRON;55577
88;Vosges;282612;56393;226219;4720;1997;219502;1;1;LE PEN;63924
89;Yonne;241918;52739;189179;3404;1222;184553;1;1;LE PEN;52640
90;Territoire de Belfort;95290;21638;73652;1439;639;71574;1;1;LE PEN;19249
91;Essonne;795227;157440;637787;10240;4060;623487;1;1;MACRON;163389
92;Hauts-de-Seine;986730;176715;810015;12689;2568;794758;1;1;MACRON;256687
93;Seine-Saint-Denis;766894;210952;555942;10148;4592;541202;1;1;MÉLENCHON;184123
94;Val-de-Marne;785540;164068;621472;9925;3760;607787;1;1;MACRON;172202
95;Val-d'Oise;730497;167560;562937;10059;4740;548138;1;1;MACRON;138752
ZA;Guadeloupe;316345;189694;126651;5630;8779;112242;1;1;MACRON;33930
ZB;Martinique;310812;186855;123957;8152;6541;109264;1;1;MÉLENCHON;29903
ZC;Guyane;92935;61010;31925;3831;1255;26839;1;1;MÉLENCHON;6633
ZD;La Réunion;639481;264229;375252;11468;13304;350480;1;1;MÉLENCHON;85987
ZM;Mayotte;83047;46860;36187;925;2132;33130;1;1;FILLON;10808
ZN;Nouvelle-Calédonie;189483;98257;91226;2969;1311;86946;1;1;FILLON;27065
ZP;Polynésie française;203940;124527;79413;1929;1862;75622;1;1;FILLON;26679
ZS;Saint-Pierre-et-Miquelon;4966;2238;2728;70;26;2632;1;1;MÉLENCHON;933
ZW;Wallis et Futuna;8464;3053;5411;35;28;5348;1;1;MACRON;1630
ZX;Saint-Martin/Saint-Barthélemy;25385;17202;8183;211;107;7865;1;1;FILLON;2518
ZZ;Français établis hors de France;1264113;704383;559730;3169;2442;554119;1;1;MACRON;223879
1;Ain;415886;81507;334379;6342;2238;325799;1;2;MACRON;73692
2;Aisne;375752;80183;295569;5047;2382;288140;1;2;MACRON;51680
3;Allier;253508;54275;199233;4335;2438;192460;1;2;LE PEN;43004
4;Alpes-de-Haute-Provence;126578;24323;102255;1808;733;99714;1;2;MÉLENCHON;22448
5;Hautes-Alpes;109907;20821;89086;1541;618;86927;1;2;MÉLENCHON;18796
6;Alpes-Maritimes;761761;161903;599858;9089;2837;587932;1;2;FILLON;161036
7;Ardèche;249258;46618;202640;3896;3188;195556;1;2;MÉLENCHON;42622
8;Ardennes;194379;44076;150303;2553;947;146803;1;2;MACRON;26912
9;Ariège;117409;21392;96017;1727;984;93306;1;2;LE PEN;20247
10;Aube;203847;38951;164896;2745;1083;161068;1;2;FILLON;37122
11;Aude;272695;52553;220142;3867;1914;214361;1;2;MÉLENCHON;46126
12;Aveyron;218276;36378;181898;3630;1805;176463;1;2;FILLON;36664
13;Bouches-du-Rhône;1372394;300146;1072248;16578;5972;1049698;1;2;MÉLENCHON;231194
14;Calvados;501153;90313;410840;6292;2926;401622;1;2;FILLON;82340
15;Cantal;117425;22767;94658;2113;979;91566;1;2;FILLON;21589
16;Charente;259954;54980;204974;3736;2225;199013;1;2;LE PEN;42598
17;Charente-Maritime;491369;99351;392018;6848;3105;382065;1;2;LE PEN;80764
18;Cher;228983;50910;178073;4010;1377;172686;1;2;MACRON;38076
19;Corrèze;185277;34299;150978;3429;1936;145613;1;2;MÉLENCHON;30357
2A;Corse-du-Sud;108781;33758;75023;1208;947;72868;1;2;FILLON;18714
2B;Haute-Corse;124875;40907;83968;1666;794;81508;1;2;FILLON;20739
21;Côte-d'Or;360658;68680;291978;5118;1736;285124;1;2;LE PEN;64200
22;Côtes-d'Armor;455958;71617;384341;6436;2936;374969;1;2;MÉLENCHON;76013
23;Creuse;93113;19917;73196;1950;995;70251;1;2;MÉLENCHON;14827
24;Dordogne;314020;57520;256500;5047;2743;248710;1;2;MACRON;55945
25;Doubs;368401;76199;292202;5807;2216;284179;1;2;MACRON;63954
26;Drôme;369489;73210;296279;5470;2068;288741;1;2;MACRON;63164
27;Eure;427533;82215;345318;6024;2517;336777;1;2;MACRON;66986
28;Eure-et-Loir;301466;60474;240992;4533;1680;234779;1;2;FILLON;51275
29;Finistère;690571;120636;569935;9452;3298;557185;1;2;MÉLENCHON;109607
30;Gard;537939;107277;430662;7032;2948;420682;1;2;MÉLENCHON;90905
31;Haute-Garonne;906653;170785;735868;11410;5065;719393;1;2;MÉLENCHON;170446
32;Gers;144959;23027;121932;2166;1083;118683;1;2;LE PEN;23387
33;Gironde;1086982;216602;870380;13936;5624;850820;1;2;MÉLENCHON;185888
34;Hérault;800394;159370;641024;10051;4129;626844;1;2;MÉLENCHON;143996
35;Ille-et-Vilaine;730142;116705;613437;10011;4085;599341;1;2;MÉLENCHON;118096
36;Indre;170409;34911;135498;3081;1483;130934;1;2;MACRON;27301
37;Indre-et-Loire;428871;80171;348700;6197;2598;339905;1;2;FILLON;72196
38;Isère;856366;178004;678362;12058;3790;662514;1;2;LE PEN;147910
39;Jura;190332;36524;153808;3168;1071;149569;1;2;MACRON;31896
40;Landes;310197;55411;254786;4844;2076;247866;1;2;MÉLENCHON;49949
41;Loir-et-Cher;245321;46325;198996;3692;1566;193738;1;2;FILLON;42756
42;Loire;510809;108838;401971;7841;2763;391367;1;2;MACRON;90677
43;Haute-Loire;177158;32875;144283;3341;1365;139577;1;2;LE PEN;32185
44;Loire-Atlantique;993538;162597;830941;14639;4845;811457;1;2;MÉLENCHON;178357
45;Loiret;452607;87974;364633;6397;2664;355572;1;2;MACRON;83506
46;Lot;136322;22347;113975;2093;1095;110787;1;2;MÉLENCHON;26014
47;Lot-et-Garonne;240931;46805;194126;3660;1644;188822;1;2;MACRON;39253
48;Lozère;59508;9949;49559;904;508;48147;1;2;MACRON;10463
49;Maine-et-Loire;569425;97038;472387;9767;3662;458958;1;2;FILLON;108888
50;Manche;379104;70202;308902;5632;2824;300446;1;2;FILLON;64909
51;Marne;381696;81265;300431;4851;1811;293769;1;2;FILLON;65081
52;Haute-Marne;134148;28769;105379;2120;819;102440;1;2;FILLON;19590
53;Mayenne;222325;36392;185933;4111;1590;180232;1;2;MACRON;46938
54;Meurthe-et-Moselle;495091;106495;388596;6469;2361;379766;1;2;MACRON;83703
55;Meuse;137629;27849;109780;1944;791;107045;1;2;MACRON;20713
56;Morbihan;577012;96113;480899;8518;3546;468835;1;2;FILLON;97900
57;Moselle;751271;177500;573771;11251;3303;559217;1;2;MACRON;117738
58;Nièvre;159425;35457;123968;2550;984;120434;1;2;MACRON;27356
59;Nord;1804668;417073;1387595;24060;9732;1353803;1;2;MÉLENCHON;288115
60;Oise;562085;113254;448831;8040;2998;437793;1;2;MACRON;86680
61;Orne;208734;38340;170394;3176;1161;166057;1;2;LE PEN;39532
62;Pas-de-Calais;1090368;234194;856174;15351;7671;833152;1;2;MÉLENCHON;159342
63;Puy-de-Dôme;460939;93363;367576;7773;3236;356567;1;2;MÉLENCHON;78417
64;Pyrénées-Atlantiques;502378;97357;405021;6685;2683;395653;1;2;MÉLENCHON;78803
65;Hautes-Pyrénées;177690;34275;143415;2528;1198;139689;1;2;MÉLENCHON;32148
66;Pyrénées-Orientales;347914;73984;273930;4563;2580;266787;1;2;MÉLENCHON;56392
67;Bas-Rhin;766539;154037;612502;9806;4591;598105;1;2;MACRON;133347
68;Haut-Rhin;526190;110496;415694;9197;2587;403910;1;2;FILLON;90237
69;Rhône;1155604;249073;906531;13460;4559;888512;1;2;FILLON;205781
70;Haute-Saône;179214;34976;144238;2820;1896;139522;1;2;MACRON;27332
71;Saône-et-Loire;406418;86784;319634;6874;2809;309951;1;2;MACRON;69212
72;Sarthe;405440;73577;331863;7302;2117;322444;1;2;LE PEN;67083
73;Savoie;310237;62746;247491;4253;1679;241559;1;2;LE PEN;52448
74;Haute-Savoie;540033;116275;423758;7765;2495;413498;1;2;MACRON;100174
75;Paris;1301637;210200;1091437;10627;4251;1076559;1;2;FILLON;284744
76;Seine-Maritime;881658;177294;704364;14085;3753;686526;1;2;MÉLENCHON;152394
77;Seine-et-Marne;881558;183302;698256;13069;4596;680591;1;2;LE PEN;155521
78;Yvelines;951148;177485;773663;10838;3891;758934;1;2;FILLON;206835
79;Deux-Sèvres;272385;51156;221229;4703;2128;214398;1;2;MÉLENCHON;41609
80;Somme;409014;80489;328525;6124;2765;319636;1;2;MACRON;69520
81;Tarn;291194;50507;240687;4330;2600;233757;1;2;MACRON;51755
82;Tarn-et-Garonne;183341;32623;150718;2559;1358;146801;1;2;MACRON;30319
83;Var;794777;169107;625670;9858;3374;612438;1;2;FILLON;152316
84;Vaucluse;402323;80602;321721;5606;1887;314228;1;2;MÉLENCHON;60852
85;Vendée;514442;82867;431575;8356;4389;418830;1;2;FILLON;106804
86;Vienne;307014;62127;244887;4741;2398;237748;1;2;MÉLENCHON;49061
87;Haute-Vienne;266322;50623;215699;4404;2880;208415;1;2;MÉLENCHON;46549
88;Vosges;282612;56393;226219;4720;1997;219502;1;2;MACRON;43604
89;Yonne;241918;52739;189179;3404;1222;184553;1;2;FILLON;36739
90;Territoire de Belfort;95290;21638;73652;1439;639;71574;1;2;MACRON;14771
91;Essonne;795227;157440;637787;10240;4060;623487;1;2;MÉLENCHON;136392
92;Hauts-de-Seine;986730;176715;810015;12689;2568;794758;1;2;FILLON;231553
93;Seine-Saint-Denis;766894;210952;555942;10148;4592;541202;1;2;MACRON;130103
94;Val-de-Marne;785540;164068;621472;9925;3760;607787;1;2;MÉLENCHON;149112
95;Val-d'Oise;730497;167560;562937;10059;4740;548138;1;2;MÉLENCHON;131342
ZA;Guadeloupe;316345;189694;126651;5630;8779;112242;1;2;MÉLENCHON;27081
ZB;Martinique;310812;186855;123957;8152;6541;109264;1;2;MACRON;27893
ZC;Guyane;92935;61010;31925;3831;1255;26839;1;2;LE PEN;6521
ZD;La Réunion;639481;264229;375252;11468;13304;350480;1;2;LE PEN;82219
ZM;Mayotte;83047;46860;36187;925;2132;33130;1;2;LE PEN;9008
ZN;Nouvelle-Calédonie;189483;98257;91226;2969;1311;86946;1;2;LE PEN;25290
ZP;Polynésie française;203940;124527;79413;1929;1862;75622;1;2;LE PEN;24604
ZS;Saint-Pierre-et-Miquelon;4966;2238;2728;70;26;2632;1;2;LE PEN;478
ZW;Wallis et Futuna;8464;3053;5411;35;28;5348;1;2;FILLON;1526
ZX;Saint-Martin/Saint-Barthélemy;25385;17202;8183;211;107;7865;1;2;LE PEN;1834
ZZ;Français établis hors de France;1264113;704383;559730;3169;2442;554119;1;2;FILLON;145829
1;Ain;415886;81507;334379;6342;2238;325799;1;3;FILLON;69805
2;Aisne;375752;80183;295569;5047;2382;288140;1;3;MÉLENCHON;48950
3;Allier;253508;54275;199233;4335;2438;192460;1;3;MÉLENCHON;38311
4;Alpes-de-Haute-Provence;126578;24323;102255;1808;733;99714;1;3;MACRON;19960
5;Hautes-Alpes;109907;20821;89086;1541;618;86927;1;3;LE PEN;18474
6;Alpes-Maritimes;761761;161903;599858;9089;2837;587932;1;3;MACRON;111953
7;Ardèche;249258;46618;202640;3896;3188;195556;1;3;MACRON;42320
8;Ardennes;194379;44076;150303;2553;947;146803;1;3;MÉLENCHON;26172
9;Ariège;117409;21392;96017;1727;984;93306;1;3;MACRON;19523
10;Aube;203847;38951;164896;2745;1083;161068;1;3;MACRON;30565
11;Aude;272695;52553;220142;3867;1914;214361;1;3;MACRON;43015
12;Aveyron;218276;36378;181898;3630;1805;176463;1;3;MÉLENCHON;34689
13;Bouches-du-Rhône;1372394;300146;1072248;16578;5972;1049698;1;3;FILLON;207466
14;Calvados;501153;90313;410840;6292;2926;401622;1;3;LE PEN;81770
15;Cantal;117425;22767;94658;2113;979;91566;1;3;LE PEN;16641
16;Charente;259954;54980;204974;3736;2225;199013;1;3;MÉLENCHON;40755
17;Charente-Maritime;491369;99351;392018;6848;3105;382065;1;3;FILLON;78659
18;Cher;228983;50910;178073;4010;1377;172686;1;3;MÉLENCHON;33694
19;Corrèze;185277;34299;150978;3429;1936;145613;1;3;FILLON;25427
2A;Corse-du-Sud;108781;33758;75023;1208;947;72868;1;3;MACRON;13022
2B;Haute-Corse;124875;40907;83968;1666;794;81508;1;3;MACRON;15506
21;Côte-d'Or;360658;68680;291978;5118;1736;285124;1;3;FILLON;60625
22;Côtes-d'Armor;455958;71617;384341;6436;2936;374969;1;3;FILLON;68916
23;Creuse;93113;19917;73196;1950;995;70251;1;3;LE PEN;13966
24;Dordogne;314020;57520;256500;5047;2743;248710;1;3;LE PEN;52044
25;Doubs;368401;76199;292202;5807;2216;284179;1;3;FILLON;59929
26;Drôme;369489;73210;296279;5470;2068;288741;1;3;MÉLENCHON;58037
27;Eure;427533;82215;345318;6024;2517;336777;1;3;FILLON;63436
28;Eure-et-Loir;301466;60474;240992;4533;1680;234779;1;3;MACRON;51038
29;Finistère;690571;120636;569935;9452;3298;557185;1;3;FILLON;99965
30;Gard;537939;107277;430662;7032;2948;420682;1;3;MACRON;79006
31;Haute-Garonne;906653;170785;735868;11410;5065;719393;1;3;LE PEN;120225
32;Gers;144959;23027;121932;2166;1083;118683;1;3;MÉLENCHON;23089
33;Gironde;1086982;216602;870380;13936;5624;850820;1;3;LE PEN;155319
34;Hérault;800394;159370;641024;10051;4129;626844;1;3;MACRON;128621
35;Ille-et-Vilaine;730142;116705;613437;10011;4085;599341;1;3;FILLON;114034
36;Indre;170409;34911;135498;3081;1483;130934;1;3;FILLON;25476
37;Indre-et-Loire;428871;80171;348700;6197;2598;339905;1;3;MÉLENCHON;65931
38;Isère;856366;178004;678362;12058;3790;662514;1;3;MÉLENCHON;135949
39;Jura;190332;36524;153808;3168;1071;149569;1;3;MÉLENCHON;30331
40;Landes;310197;55411;254786;4844;2076;247866;1;3;LE PEN;44956
41;Loir-et-Cher;245321;46325;198996;3692;1566;193738;1;3;MACRON;40639
42;Loire;510809;108838;401971;7841;2763;391367;1;3;MÉLENCHON;73388
43;Haute-Loire;177158;32875;144283;3341;1365;139577;1;3;FILLON;25956
44;Loire-Atlantique;993538;162597;830941;14639;4845;811457;1;3;FILLON;159703
45;Loiret;452607;87974;364633;6397;2664;355572;1;3;FILLON;75655
46;Lot;136322;22347;113975;2093;1095;110787;1;3;FILLON;18459
47;Lot-et-Garonne;240931;46805;194126;3660;1644;188822;1;3;MÉLENCHON;36018
48;Lozère;59508;9949;49559;904;508;48147;1;3;MÉLENCHON;9483
49;Maine-et-Loire;569425;97038;472387;9767;3662;458958;1;3;MÉLENCHON;78293
50;Manche;379104;70202;308902;5632;2824;300446;1;3;LE PEN;61620
51;Marne;381696;81265;300431;4851;1811;293769;1;3;MACRON;60958
52;Haute-Marne;134148;28769;105379;2120;819;102440;1;3;MACRON;18438
53;Mayenne;222325;36392;185933;4111;1590;180232;1;3;LE PEN;30465
54;Meurthe-et-Moselle;495091;106495;388596;6469;2361;379766;1;3;MÉLENCHON;77400
55;Meuse;137629;27849;109780;1944;791;107045;1;3;FILLON;19287
56;Morbihan;577012;96113;480899;8518;3546;468835;1;3;LE PEN;82927
57;Moselle;751271;177500;573771;11251;3303;559217;1;3;MÉLENCHON;100118
58;Nièvre;159425;35457;123968;2550;984;120434;1;3;MÉLENCHON;23079
59;Nord;1804668;417073;1387595;24060;9732;1353803;1;3;MACRON;268723
60;Oise;562085;113254;448831;8040;2998;437793;1;3;MÉLENCHON;77415
61;Orne;208734;38340;170394;3176;1161;166057;1;3;MACRON;35815
62;Pas-de-Calais;1090368;234194;856174;15351;7671;833152;1;3;MACRON;153682
63;Puy-de-Dôme;460939;93363;367576;7773;3236;356567;1;3;LE PEN;63030
64;Pyrénées-Atlantiques;502378;97357;405021;6685;2683;395653;1;3;FILLON;71858
65;Hautes-Pyrénées;177690;34275;143415;2528;1198;139689;1;3;LE PEN;25947
66;Pyrénées-Orientales;347914;73984;273930;4563;2580;266787;1;3;MACRON;49245
67;Bas-Rhin;766539;154037;612502;9806;4591;598105;1;3;FILLON;131564
68;Haut-Rhin;526190;110496;415694;9197;2587;403910;1;3;MACRON;79798
69;Rhône;1155604;249073;906531;13460;4559;888512;1;3;MÉLENCHON;175051
70;Haute-Saône;179214;34976;144238;2820;1896;139522;1;3;FILLON;25184
71;Saône-et-Loire;406418;86784;319634;6874;2809;309951;1;3;FILLON;60100
72;Sarthe;405440;73577;331863;7302;2117;322444;1;3;MACRON;64618
73;Savoie;310237;62746;247491;4253;1679;241559;1;3;FILLON;50815
74;Haute-Savoie;540033;116275;423758;7765;2495;413498;1;3;LE PEN;77919
75;Paris;1301637;210200;1091437;10627;4251;1076559;1;3;MÉLENCHON;210548
76;Seine-Maritime;881658;177294;704364;14085;3753;686526;1;3;MACRON;145756
77;Seine-et-Marne;881558;183302;698256;13069;4596;680591;1;3;MÉLENCHON;141827
78;Yvelines;951148;177485;773663;10838;3891;758934;1;3;MÉLENCHON;126345
79;Deux-Sèvres;272385;51156;221229;4703;2128;214398;1;3;FILLON;40195
80;Somme;409014;80489;328525;6124;2765;319636;1;3;MÉLENCHON;59491
81;Tarn;291194;50507;240687;4330;2600;233757;1;3;MÉLENCHON;48094
82;Tarn-et-Garonne;183341;32623;150718;2559;1358;146801;1;3;MÉLENCHON;27841
83;Var;794777;169107;625670;9858;3374;612438;1;3;MACRON;108597
84;Vaucluse;402323;80602;321721;5606;1887;314228;1;3;FILLON;59619
85;Vendée;514442;82867;431575;8356;4389;418830;1;3;LE PEN;77590
86;Vienne;307014;62127;244887;4741;2398;237748;1;3;LE PEN;47024
87;Haute-Vienne;266322;50623;215699;4404;2880;208415;1;3;LE PEN;37937
88;Vosges;282612;56393;226219;4720;1997;219502;1;3;FILLON;39579
89;Yonne;241918;52739;189179;3404;1222;184553;1;3;MACRON;36234
90;Territoire de Belfort;95290;21638;73652;1439;639;71574;1;3;MÉLENCHON;13672
91;Essonne;795227;157440;637787;10240;4060;623487;1;3;FILLON;112478
92;Hauts-de-Seine;986730;176715;810015;12689;2568;794758;1;3;MÉLENCHON;145289
93;Seine-Saint-Denis;766894;210952;555942;10148;4592;541202;1;3;LE PEN;73534
94;Val-de-Marne;785540;164068;621472;9925;3760;607787;1;3;FILLON;122814
95;Val-d'Oise;730497;167560;562937;10059;4740;548138;1;3;FILLON;101131
ZA;Guadeloupe;316345;189694;126651;5630;8779;112242;1;3;FILLON;16305
ZB;Martinique;310812;186855;123957;8152;6541;109264;1;3;FILLON;18400
ZC;Guyane;92935;61010;31925;3831;1255;26839;1;3;MACRON;5031
ZD;La Réunion;639481;264229;375252;11468;13304;350480;1;3;MACRON;66292
ZM;Mayotte;83047;46860;36187;925;2132;33130;1;3;MACRON;6364
ZN;Nouvelle-Calédonie;189483;98257;91226;2969;1311;86946;1;3;MACRON;11089
ZP;Polynésie française;203940;124527;79413;1929;1862;75622;1;3;MACRON;11119
ZS;Saint-Pierre-et-Miquelon;4966;2238;2728;70;26;2632;1;3;MACRON;473
ZW;Wallis et Futuna;8464;3053;5411;35;28;5348;1;3;HAMON;1349
ZX;Saint-Martin/Saint-Barthélemy;25385;17202;8183;211;107;7865;1;3;MACRON;1572
ZZ;Français établis hors de France;1264113;704383;559730;3169;2442;554119;1;3;MÉLENCHON;87692
1;Ain;415886;81507;334379;6342;2238;325799;1;4;MÉLENCHON;51736
2;Aisne;375752;80183;295569;5047;2382;288140;1;4;FILLON;46969
3;Allier;253508;54275;199233;4335;2438;192460;1;4;FILLON;36457
4;Alpes-de-Haute-Provence;126578;24323;102255;1808;733;99714;1;4;FILLON;18442
5;Hautes-Alpes;109907;20821;89086;1541;618;86927;1;4;FILLON;16645
6;Alpes-Maritimes;761761;161903;599858;9089;2837;587932;1;4;MÉLENCHON;87941
7;Ardèche;249258;46618;202640;3896;3188;195556;1;4;FILLON;33835
8;Ardennes;194379;44076;150303;2553;947;146803;1;4;FILLON;25273
9;Ariège;117409;21392;96017;1727;984;93306;1;4;FILLON;11892
10;Aube;203847;38951;164896;2745;1083;161068;1;4;MÉLENCHON;22496
11;Aude;272695;52553;220142;3867;1914;214361;1;4;FILLON;32281
12;Aveyron;218276;36378;181898;3630;1805;176463;1;4;LE PEN;28588
13;Bouches-du-Rhône;1372394;300146;1072248;16578;5972;1049698;1;4;MACRON;203312
14;Calvados;501153;90313;410840;6292;2926;401622;1;4;MÉLENCHON;75620
15;Cantal;117425;22767;94658;2113;979;91566;1;4;MÉLENCHON;14566
16;Charente;259954;54980;204974;3736;2225;199013;1;4;FILLON;33744
17;Charente-Maritime;491369;99351;392018;6848;3105;382065;1;4;MÉLENCHON;72491
18;Cher;228983;50910;178073;4010;1377;172686;1;4;FILLON;32967
19;Corrèze;185277;34299;150978;3429;1936;145613;1;4;LE PEN;25253
2A;Corse-du-Sud;108781;33758;75023;1208;947;72868;1;4;MÉLENCHON;10085
2B;Haute-Corse;124875;40907;83968;1666;794;81508;1;4;MÉLENCHON;11229
21;Côte-d'Or;360658;68680;291978;5118;1736;285124;1;4;MÉLENCHON;50859
22;Côtes-d'Armor;455958;71617;384341;6436;2936;374969;1;4;LE PEN;61703
23;Creuse;93113;19917;73196;1950;995;70251;1;4;FILLON;12637
24;Dordogne;314020;57520;256500;5047;2743;248710;1;4;FILLON;42510
25;Doubs;368401;76199;292202;5807;2216;284179;1;4;MÉLENCHON;50803
26;Drôme;369489;73210;296279;5470;2068;288741;1;4;FILLON;53403
27;Eure;427533;82215;345318;6024;2517;336777;1;4;MÉLENCHON;58844
28;Eure-et-Loir;301466;60474;240992;4533;1680;234779;1;4;MÉLENCHON;38035
29;Finistère;690571;120636;569935;9452;3298;557185;1;4;LE PEN;77366
30;Gard;537939;107277;430662;7032;2948;420682;1;4;FILLON;72366
31;Haute-Garonne;906653;170785;735868;11410;5065;719393;1;4;FILLON;118608
32;Gers;144959;23027;121932;2166;1083;118683;1;4;FILLON;21312
33;Gironde;1086982;216602;870380;13936;5624;850820;1;4;FILLON;145283
34;Hérault;800394;159370;641024;10051;4129;626844;1;4;FILLON;110339
35;Ille-et-Vilaine;730142;116705;613437;10011;4085;599341;1;4;LE PEN;84648
36;Indre;170409;34911;135498;3081;1483;130934;1;4;MÉLENCHON;24938
37;Indre-et-Loire;428871;80171;348700;6197;2598;339905;1;4;LE PEN;64522
38;Isère;856366;178004;678362;12058;3790;662514;1;4;FILLON;112927
39;Jura;190332;36524;153808;3168;1071;149569;1;4;FILLON;28373
40;Landes;310197;55411;254786;4844;2076;247866;1;4;FILLON;42464
41;Loir-et-Cher;245321;46325;198996;3692;1566;193738;1;4;MÉLENCHON;31576
42;Loire;510809;108838;401971;7841;2763;391367;1;4;FILLON;71848
43;Haute-Loire;177158;32875;144283;3341;1365;139577;1;4;MÉLENCHON;25419
44;Loire-Atlantique;993538;162597;830941;14639;4845;811457;1;4;LE PEN;111194
45;Loiret;452607;87974;364633;6397;2664;355572;1;4;MÉLENCHON;58134
46;Lot;136322;22347;113975;2093;1095;110787;1;4;LE PEN;17865
47;Lot-et-Garonne;240931;46805;194126;3660;1644;188822;1;4;FILLON;34828
48;Lozère;59508;9949;49559;904;508;48147;1;4;LE PEN;9097
49;Maine-et-Loire;569425;97038;472387;9767;3662;458958;1;4;LE PEN;77935
50;Manche;379104;70202;308902;5632;2824;300446;1;4;MÉLENCHON;51026
51;Marne;381696;81265;300431;4851;1811;293769;1;4;MÉLENCHON;44424
52;Haute-Marne;134148;28769;105379;2120;819;102440;1;4;MÉLENCHON;15380
53;Mayenne;222325;36392;185933;4111;1590;180232;1;4;MÉLENCHON;26798
54;Meurthe-et-Moselle;495091;106495;388596;6469;2361;379766;1;4;FILLON;62654
55;Meuse;137629;27849;109780;1944;791;107045;1;4;MÉLENCHON;16020
56;Morbihan;577012;96113;480899;8518;3546;468835;1;4;MÉLENCHON;82020
57;Moselle;751271;177500;573771;11251;3303;559217;1;4;FILLON;96003
58;Nièvre;159425;35457;123968;2550;984;120434;1;4;FILLON;20773
59;Nord;1804668;417073;1387595;24060;9732;1353803;1;4;FILLON;226710
60;Oise;562085;113254;448831;8040;2998;437793;1;4;FILLON;76783
61;Orne;208734;38340;170394;3176;1161;166057;1;4;MÉLENCHON;24542
62;Pas-de-Calais;1090368;234194;856174;15351;7671;833152;1;4;FILLON;119077
63;Puy-de-Dôme;460939;93363;367576;7773;3236;356567;1;4;FILLON;58432
64;Pyrénées-Atlantiques;502378;97357;405021;6685;2683;395653;1;4;LE PEN;54376
65;Hautes-Pyrénées;177690;34275;143415;2528;1198;139689;1;4;FILLON;20220
66;Pyrénées-Orientales;347914;73984;273930;4563;2580;266787;1;4;FILLON;45865
67;Bas-Rhin;766539;154037;612502;9806;4591;598105;1;4;MÉLENCHON;88420
68;Haut-Rhin;526190;110496;415694;9197;2587;403910;1;4;MÉLENCHON;57856
69;Rhône;1155604;249073;906531;13460;4559;888512;1;4;LE PEN;144476
70;Haute-Saône;179214;34976;144238;2820;1896;139522;1;4;MÉLENCHON;22150
71;Saône-et-Loire;406418;86784;319634;6874;2809;309951;1;4;MÉLENCHON;55249
72;Sarthe;405440;73577;331863;7302;2117;322444;1;4;MÉLENCHON;56851
73;Savoie;310237;62746;247491;4253;1679;241559;1;4;MÉLENCHON;45013
74;Haute-Savoie;540033;116275;423758;7765;2495;413498;1;4;MÉLENCHON;67079
75;Paris;1301637;210200;1091437;10627;4251;1076559;1;4;HAMON;109550
76;Seine-Maritime;881658;177294;704364;14085;3753;686526;1;4;FILLON;118336
77;Seine-et-Marne;881558;183302;698256;13069;4596;680591;1;4;FILLON;120968
78;Yvelines;951148;177485;773663;10838;3891;758934;1;4;LE PEN;98024
79;Deux-Sèvres;272385;51156;221229;4703;2128;214398;1;4;LE PEN;38640
80;Somme;409014;80489;328525;6124;2765;319636;1;4;FILLON;51834
81;Tarn;291194;50507;240687;4330;2600;233757;1;4;FILLON;41052
82;Tarn-et-Garonne;183341;32623;150718;2559;1358;146801;1;4;FILLON;25992
83;Var;794777;169107;625670;9858;3374;612438;1;4;MÉLENCHON;94184
84;Vaucluse;402323;80602;321721;5606;1887;314228;1;4;MACRON;58208
85;Vendée;514442;82867;431575;8356;4389;418830;1;4;MÉLENCHON;63156
86;Vienne;307014;62127;244887;4741;2398;237748;1;4;FILLON;42703
87;Haute-Vienne;266322;50623;215699;4404;2880;208415;1;4;FILLON;32522
88;Vosges;282612;56393;226219;4720;1997;219502;1;4;MÉLENCHON;36524
89;Yonne;241918;52739;189179;3404;1222;184553;1;4;MÉLENCHON;30815
90;Territoire de Belfort;95290;21638;73652;1439;639;71574;1;4;FILLON;12668
91;Essonne;795227;157440;637787;10240;4060;623487;1;4;LE PEN;102461
92;Hauts-de-Seine;986730;176715;810015;12689;2568;794758;1;4;LE PEN;60731
93;Seine-Saint-Denis;766894;210952;555942;10148;4592;541202;1;4;FILLON;69063
94;Val-de-Marne;785540;164068;621472;9925;3760;607787;1;4;LE PEN;69878
95;Val-d'Oise;730497;167560;562937;10059;4740;548138;1;4;LE PEN;94158
ZA;Guadeloupe;316345;189694;126651;5630;8779;112242;1;4;LE PEN;15159
ZB;Martinique;310812;186855;123957;8152;6541;109264;1;4;LE PEN;11949
ZC;Guyane;92935;61010;31925;3831;1255;26839;1;4;FILLON;3935
ZD;La Réunion;639481;264229;375252;11468;13304;350480;1;4;FILLON;60508
ZM;Mayotte;83047;46860;36187;925;2132;33130;1;4;MÉLENCHON;2789
ZN;Nouvelle-Calédonie;189483;98257;91226;2969;1311;86946;1;4;HAMON;8125
ZP;Polynésie française;203940;124527;79413;1929;1862;75622;1;4;MÉLENCHON;5952
ZS;Saint-Pierre-et-Miquelon;4966;2238;2728;70;26;2632;1;4;FILLON;261
ZW;Wallis et Futuna;8464;3053;5411;35;28;5348;1;4;LE PEN;380
ZX;Saint-Martin/Saint-Barthélemy;25385;17202;8183;211;107;7865;1;4;MÉLENCHON;1153
ZZ;Français établis hors de France;1264113;704383;559730;3169;2442;554119;1;4;HAMON;38092
1;Ain;415886;81507;334379;6342;2238;325799;1;5;DUPONT-AIGNAN;19788
2;Aisne;375752;80183;295569;5047;2382;288140;1;5;DUPONT-AIGNAN;14651
3;Allier;253508;54275;199233;4335;2438;192460;1;5;HAMON;10619
4;Alpes-de-Haute-Provence;126578;24323;102255;1808;733;99714;1;5;HAMON;4983
5;Hautes-Alpes;109907;20821;89086;1541;618;86927;1;5;HAMON;5109
6;Alpes-Maritimes;761761;161903;599858;9089;2837;587932;1;5;DUPONT-AIGNAN;25175
7;Ardèche;249258;46618;202640;3896;3188;195556;1;5;HAMON;11757
8;Ardennes;194379;44076;150303;2553;947;146803;1;5;DUPONT-AIGNAN;7810
9;Ariège;117409;21392;96017;1727;984;93306;1;5;HAMON;7326
10;Aube;203847;38951;164896;2745;1083;161068;1;5;DUPONT-AIGNAN;10235
11;Aude;272695;52553;220142;3867;1914;214361;1;5;HAMON;13614
12;Aveyron;218276;36378;181898;3630;1805;176463;1;5;HAMON;10878
13;Bouches-du-Rhône;1372394;300146;1072248;16578;5972;1049698;1;5;HAMON;47564
14;Calvados;501153;90313;410840;6292;2926;401622;1;5;HAMON;27293
15;Cantal;117425;22767;94658;2113;979;91566;1;5;HAMON;4810
16;Charente;259954;54980;204974;3736;2225;199013;1;5;HAMON;12569
17;Charente-Maritime;491369;99351;392018;6848;3105;382065;1;5;HAMON;22023
18;Cher;228983;50910;178073;4010;1377;172686;1;5;DUPONT-AIGNAN;9554
19;Corrèze;185277;34299;150978;3429;1936;145613;1;5;HAMON;9263
2A;Corse-du-Sud;108781;33758;75023;1208;947;72868;1;5;LASSALLE;3948
2B;Haute-Corse;124875;40907;83968;1666;794;81508;1;5;LASSALLE;4763
21;Côte-d'Or;360658;68680;291978;5118;1736;285124;1;5;HAMON;16810
22;Côtes-d'Armor;455958;71617;384341;6436;2936;374969;1;5;HAMON;32260
23;Creuse;93113;19917;73196;1950;995;70251;1;5;HAMON;5494
24;Dordogne;314020;57520;256500;5047;2743;248710;1;5;HAMON;15783
25;Doubs;368401;76199;292202;5807;2216;284179;1;5;HAMON;16318
26;Drôme;369489;73210;296279;5470;2068;288741;1;5;HAMON;17385
27;Eure;427533;82215;345318;6024;2517;336777;1;5;DUPONT-AIGNAN;19096
28;Eure-et-Loir;301466;60474;240992;4533;1680;234779;1;5;DUPONT-AIGNAN;14103
29;Finistère;690571;120636;569935;9452;3298;557185;1;5;HAMON;60781
30;Gard;537939;107277;430662;7032;2948;420682;1;5;HAMON;20473
31;Haute-Garonne;906653;170785;735868;11410;5065;719393;1;5;HAMON;60180
32;Gers;144959;23027;121932;2166;1083;118683;1;5;HAMON;9527
33;Gironde;1086982;216602;870380;13936;5624;850820;1;5;HAMON;64300
34;Hérault;800394;159370;641024;10051;4129;626844;1;5;HAMON;36180
35;Ille-et-Vilaine;730142;116705;613437;10011;4085;599341;1;5;HAMON;53418
36;Indre;170409;34911;135498;3081;1483;130934;1;5;HAMON;7786
37;Indre-et-Loire;428871;80171;348700;6197;2598;339905;1;5;HAMON;22898
38;Isère;856366;178004;678362;12058;3790;662514;1;5;HAMON;43652
39;Jura;190332;36524;153808;3168;1071;149569;1;5;DUPONT-AIGNAN;8533
40;Landes;310197;55411;254786;4844;2076;247866;1;5;HAMON;21550
41;Loir-et-Cher;245321;46325;198996;3692;1566;193738;1;5;DUPONT-AIGNAN;11646
42;Loire;510809;108838;401971;7841;2763;391367;1;5;HAMON;22698
43;Haute-Loire;177158;32875;144283;3341;1365;139577;1;5;DUPONT-AIGNAN;8346
44;Loire-Atlantique;993538;162597;830941;14639;4845;811457;1;5;HAMON;65140
45;Loiret;452607;87974;364633;6397;2664;355572;1;5;DUPONT-AIGNAN;21128
46;Lot;136322;22347;113975;2093;1095;110787;1;5;HAMON;7951
47;Lot-et-Garonne;240931;46805;194126;3660;1644;188822;1;5;HAMON;10639
48;Lozère;59508;9949;49559;904;508;48147;1;5;HAMON;2733
49;Maine-et-Loire;569425;97038;472387;9767;3662;458958;1;5;HAMON;29553
50;Manche;379104;70202;308902;5632;2824;300446;1;5;HAMON;19238
51;Marne;381696;81265;300431;4851;1811;293769;1;5;DUPONT-AIGNAN;16896
52;Haute-Marne;134148;28769;105379;2120;819;102440;1;5;DUPONT-AIGNAN;6417
53;Mayenne;222325;36392;185933;4111;1590;180232;1;5;HAMON;10247
54;Meurthe-et-Moselle;495091;106495;388596;6469;2361;379766;1;5;HAMON;23632
55;Meuse;137629;27849;109780;1944;791;107045;1;5;DUPONT-AIGNAN;6802
56;Morbihan;577012;96113;480899;8518;3546;468835;1;5;HAMON;34368
57;Moselle;751271;177500;573771;11251;3303;559217;1;5;DUPONT-AIGNAN;32525
58;Nièvre;159425;35457;123968;2550;984;120434;1;5;HAMON;7854
59;Nord;1804668;417073;1387595;24060;9732;1353803;1;5;HAMON;76531
60;Oise;562085;113254;448831;8040;2998;437793;1;5;DUPONT-AIGNAN;23936
61;Orne;208734;38340;170394;3176;1161;166057;1;5;DUPONT-AIGNAN;9644
62;Pas-de-Calais;1090368;234194;856174;15351;7671;833152;1;5;HAMON;43084
63;Puy-de-Dôme;460939;93363;367576;7773;3236;356567;1;5;HAMON;25814
64;Pyrénées-Atlantiques;502378;97357;405021;6685;2683;395653;1;5;HAMON;30589
65;Hautes-Pyrénées;177690;34275;143415;2528;1198;139689;1;5;HAMON;9935
66;Pyrénées-Orientales;347914;73984;273930;4563;2580;266787;1;5;HAMON;13455
67;Bas-Rhin;766539;154037;612502;9806;4591;598105;1;5;DUPONT-AIGNAN;39299
68;Haut-Rhin;526190;110496;415694;9197;2587;403910;1;5;DUPONT-AIGNAN;28562
69;Rhône;1155604;249073;906531;13460;4559;888512;1;5;HAMON;60094
70;Haute-Saône;179214;34976;144238;2820;1896;139522;1;5;DUPONT-AIGNAN;8176
71;Saône-et-Loire;406418;86784;319634;6874;2809;309951;1;5;HAMON;19184
72;Sarthe;405440;73577;331863;7302;2117;322444;1;5;HAMON;17195
73;Savoie;310237;62746;247491;4253;1679;241559;1;5;HAMON;13752
74;Haute-Savoie;540033;116275;423758;7765;2495;413498;1;5;DUPONT-AIGNAN;24785
75;Paris;1301637;210200;1091437;10627;4251;1076559;1;5;LE PEN;53719
76;Seine-Maritime;881658;177294;704364;14085;3753;686526;1;5;HAMON;41516
77;Seine-et-Marne;881558;183302;698256;13069;4596;680591;1;5;DUPONT-AIGNAN;41505
78;Yvelines;951148;177485;773663;10838;3891;758934;1;5;HAMON;52564
79;Deux-Sèvres;272385;51156;221229;4703;2128;214398;1;5;HAMON;14950
80;Somme;409014;80489;328525;6124;2765;319636;1;5;DUPONT-AIGNAN;15462
81;Tarn;291194;50507;240687;4330;2600;233757;1;5;HAMON;15530
82;Tarn-et-Garonne;183341;32623;150718;2559;1358;146801;1;5;HAMON;8567
83;Var;794777;169107;625670;9858;3374;612438;1;5;DUPONT-AIGNAN;29177
84;Vaucluse;402323;80602;321721;5606;1887;314228;1;5;DUPONT-AIGNAN;14452
85;Vendée;514442;82867;431575;8356;4389;418830;1;5;DUPONT-AIGNAN;24211
86;Vienne;307014;62127;244887;4741;2398;237748;1;5;HAMON;16861
87;Haute-Vienne;266322;50623;215699;4404;2880;208415;1;5;HAMON;16136
88;Vosges;282612;56393;226219;4720;1997;219502;1;5;DUPONT-AIGNAN;14323
89;Yonne;241918;52739;189179;3404;1222;184553;1;5;DUPONT-AIGNAN;11668
90;Territoire de Belfort;95290;21638;73652;1439;639;71574;1;5;HAMON;4189
91;Essonne;795227;157440;637787;10240;4060;623487;1;5;DUPONT-AIGNAN;44793
92;Hauts-de-Seine;986730;176715;810015;12689;2568;794758;1;5;HAMON;57114
93;Seine-Saint-Denis;766894;210952;555942;10148;4592;541202;1;5;HAMON;45506
94;Val-de-Marne;785540;164068;621472;9925;3760;607787;1;5;HAMON;47228
95;Val-d'Oise;730497;167560;562937;10059;4740;548138;1;5;HAMON;37518
ZA;Guadeloupe;316345;189694;126651;5630;8779;112242;1;5;HAMON;11165
ZB;Martinique;310812;186855;123957;8152;6541;109264;1;5;HAMON;10661
ZC;Guyane;92935;61010;31925;3831;1255;26839;1;5;HAMON;1529
ZD;La Réunion;639481;264229;375252;11468;13304;350480;1;5;HAMON;26872
ZM;Mayotte;83047;46860;36187;925;2132;33130;1;5;HAMON;1434
ZN;Nouvelle-Calédonie;189483;98257;91226;2969;1311;86946;1;5;MÉLENCHON;7703
ZP;Polynésie française;203940;124527;79413;1929;1862;75622;1;5;HAMON;2203
ZS;Saint-Pierre-et-Miquelon;4966;2238;2728;70;26;2632;1;5;HAMON;217
ZW;Wallis et Futuna;8464;3053;5411;35;28;5348;1;5;MÉLENCHON;192
ZX;Saint-Martin/Saint-Barthélemy;25385;17202;8183;211;107;7865;1;5;HAMON;247
ZZ;Français établis hors de France;1264113;704383;559730;3169;2442;554119;1;5;LE PEN;35926
1;Ain;415886;81507;334379;6342;2238;325799;1;6;HAMON;16711
2;Aisne;375752;80183;295569;5047;2382;288140;1;6;HAMON;12230
3;Allier;253508;54275;199233;4335;2438;192460;1;6;DUPONT-AIGNAN;9795
4;Alpes-de-Haute-Provence;126578;24323;102255;1808;733;99714;1;6;DUPONT-AIGNAN;4861
5;Hautes-Alpes;109907;20821;89086;1541;618;86927;1;6;DUPONT-AIGNAN;4938
6;Alpes-Maritimes;761761;161903;599858;9089;2837;587932;1;6;HAMON;21067
7;Ardèche;249258;46618;202640;3896;3188;195556;1;6;DUPONT-AIGNAN;9926
8;Ardennes;194379;44076;150303;2553;947;146803;1;6;HAMON;7234
9;Ariège;117409;21392;96017;1727;984;93306;1;6;DUPONT-AIGNAN;3369
10;Aube;203847;38951;164896;2745;1083;161068;1;6;HAMON;6545
11;Aude;272695;52553;220142;3867;1914;214361;1;6;DUPONT-AIGNAN;8265
12;Aveyron;218276;36378;181898;3630;1805;176463;1;6;DUPONT-AIGNAN;8554
13;Bouches-du-Rhône;1372394;300146;1072248;16578;5972;1049698;1;6;DUPONT-AIGNAN;40447
14;Calvados;501153;90313;410840;6292;2926;401622;1;6;DUPONT-AIGNAN;20079
15;Cantal;117425;22767;94658;2113;979;91566;1;6;DUPONT-AIGNAN;4047
16;Charente;259954;54980;204974;3736;2225;199013;1;6;DUPONT-AIGNAN;10008
17;Charente-Maritime;491369;99351;392018;6848;3105;382065;1;6;DUPONT-AIGNAN;20333
18;Cher;228983;50910;178073;4010;1377;172686;1;6;HAMON;9157
19;Corrèze;185277;34299;150978;3429;1936;145613;1;6;DUPONT-AIGNAN;7049
2A;Corse-du-Sud;108781;33758;75023;1208;947;72868;1;6;HAMON;2546
2B;Haute-Corse;124875;40907;83968;1666;794;81508;1;6;HAMON;3234
21;Côte-d'Or;360658;68680;291978;5118;1736;285124;1;6;DUPONT-AIGNAN;14980
22;Côtes-d'Armor;455958;71617;384341;6436;2936;374969;1;6;DUPONT-AIGNAN;15958
23;Creuse;93113;19917;73196;1950;995;70251;1;6;DUPONT-AIGNAN;3521
24;Dordogne;314020;57520;256500;5047;2743;248710;1;6;DUPONT-AIGNAN;11424
25;Doubs;368401;76199;292202;5807;2216;284179;1;6;DUPONT-AIGNAN;14733
26;Drôme;369489;73210;296279;5470;2068;288741;1;6;DUPONT-AIGNAN;14997
27;Eure;427533;82215;345318;6024;2517;336777;1;6;HAMON;16999
28;Eure-et-Loir;301466;60474;240992;4533;1680;234779;1;6;HAMON;12317
29;Finistère;690571;120636;569935;9452;3298;557185;1;6;DUPONT-AIGNAN;22737
30;Gard;537939;107277;430662;7032;2948;420682;1;6;DUPONT-AIGNAN;17808
31;Haute-Garonne;906653;170785;735868;11410;5065;719393;1;6;DUPONT-AIGNAN;27833
32;Gers;144959;23027;121932;2166;1083;118683;1;6;DUPONT-AIGNAN;5378
33;Gironde;1086982;216602;870380;13936;5624;850820;1;6;DUPONT-AIGNAN;35530
34;Hérault;800394;159370;641024;10051;4129;626844;1;6;DUPONT-AIGNAN;23159
35;Ille-et-Vilaine;730142;116705;613437;10011;4085;599341;1;6;DUPONT-AIGNAN;26822
36;Indre;170409;34911;135498;3081;1483;130934;1;6;DUPONT-AIGNAN;7177
37;Indre-et-Loire;428871;80171;348700;6197;2598;339905;1;6;DUPONT-AIGNAN;18452
38;Isère;856366;178004;678362;12058;3790;662514;1;6;DUPONT-AIGNAN;33773
39;Jura;190332;36524;153808;3168;1071;149569;1;6;HAMON;7589
40;Landes;310197;55411;254786;4844;2076;247866;1;6;DUPONT-AIGNAN;11021
41;Loir-et-Cher;245321;46325;198996;3692;1566;193738;1;6;HAMON;10956
42;Loire;510809;108838;401971;7841;2763;391367;1;6;DUPONT-AIGNAN;22689
43;Haute-Loire;177158;32875;144283;3341;1365;139577;1;6;HAMON;7435
44;Loire-Atlantique;993538;162597;830941;14639;4845;811457;1;6;DUPONT-AIGNAN;36546
45;Loiret;452607;87974;364633;6397;2664;355572;1;6;HAMON;20438
46;Lot;136322;22347;113975;2093;1095;110787;1;6;DUPONT-AIGNAN;4550
47;Lot-et-Garonne;240931;46805;194126;3660;1644;188822;1;6;DUPONT-AIGNAN;9407
48;Lozère;59508;9949;49559;904;508;48147;1;6;DUPONT-AIGNAN;2197
49;Maine-et-Loire;569425;97038;472387;9767;3662;458958;1;6;DUPONT-AIGNAN;25321
50;Manche;379104;70202;308902;5632;2824;300446;1;6;DUPONT-AIGNAN;17052
51;Marne;381696;81265;300431;4851;1811;293769;1;6;HAMON;13683
52;Haute-Marne;134148;28769;105379;2120;819;102440;1;6;HAMON;4292
53;Mayenne;222325;36392;185933;4111;1590;180232;1;6;DUPONT-AIGNAN;10107
54;Meurthe-et-Moselle;495091;106495;388596;6469;2361;379766;1;6;DUPONT-AIGNAN;19331
55;Meuse;137629;27849;109780;1944;791;107045;1;6;HAMON;4918
56;Morbihan;577012;96113;480899;8518;3546;468835;1;6;DUPONT-AIGNAN;22411
57;Moselle;751271;177500;573771;11251;3303;559217;1;6;HAMON;29480
58;Nièvre;159425;35457;123968;2550;984;120434;1;6;DUPONT-AIGNAN;6446
59;Nord;1804668;417073;1387595;24060;9732;1353803;1;6;DUPONT-AIGNAN;65245
60;Oise;562085;113254;448831;8040;2998;437793;1;6;HAMON;20525
61;Orne;208734;38340;170394;3176;1161;166057;1;6;HAMON;8659
62;Pas-de-Calais;1090368;234194;856174;15351;7671;833152;1;6;DUPONT-AIGNAN;41427
63;Puy-de-Dôme;460939;93363;367576;7773;3236;356567;1;6;DUPONT-AIGNAN;15635
64;Pyrénées-Atlantiques;502378;97357;405021;6685;2683;395653;1;6;LASSALLE;29882
65;Hautes-Pyrénées;177690;34275;143415;2528;1198;139689;1;6;LASSALLE;6928
66;Pyrénées-Orientales;347914;73984;273930;4563;2580;266787;1;6;DUPONT-AIGNAN;9741
67;Bas-Rhin;766539;154037;612502;9806;4591;598105;1;6;HAMON;31931
68;Haut-Rhin;526190;110496;415694;9197;2587;403910;1;6;HAMON;18694
69;Rhône;1155604;249073;906531;13460;4559;888512;1;6;DUPONT-AIGNAN;38429
70;Haute-Saône;179214;34976;144238;2820;1896;139522;1;6;HAMON;6596
71;Saône-et-Loire;406418;86784;319634;6874;2809;309951;1;6;DUPONT-AIGNAN;18961
72;Sarthe;405440;73577;331863;7302;2117;322444;1;6;DUPONT-AIGNAN;13657
73;Savoie;310237;62746;247491;4253;1679;241559;1;6;DUPONT-AIGNAN;13673
74;Haute-Savoie;540033;116275;423758;7765;2495;413498;1;6;HAMON;21805
75;Paris;1301637;210200;1091437;10627;4251;1076559;1;6;DUPONT-AIGNAN;17997
76;Seine-Maritime;881658;177294;704364;14085;3753;686526;1;6;DUPONT-AIGNAN;33036
77;Seine-et-Marne;881558;183302;698256;13069;4596;680591;1;6;HAMON;38772
78;Yvelines;951148;177485;773663;10838;3891;758934;1;6;DUPONT-AIGNAN;32906
79;Deux-Sèvres;272385;51156;221229;4703;2128;214398;1;6;DUPONT-AIGNAN;11356
80;Somme;409014;80489;328525;6124;2765;319636;1;6;HAMON;14260
81;Tarn;291194;50507;240687;4330;2600;233757;1;6;DUPONT-AIGNAN;11440
82;Tarn-et-Garonne;183341;32623;150718;2559;1358;146801;1;6;DUPONT-AIGNAN;7233
83;Var;794777;169107;625670;9858;3374;612438;1;6;HAMON;21089
84;Vaucluse;402323;80602;321721;5606;1887;314228;1;6;HAMON;13553
85;Vendée;514442;82867;431575;8356;4389;418830;1;6;HAMON;21356
86;Vienne;307014;62127;244887;4741;2398;237748;1;6;DUPONT-AIGNAN;11920
87;Haute-Vienne;266322;50623;215699;4404;2880;208415;1;6;DUPONT-AIGNAN;9285
88;Vosges;282612;56393;226219;4720;1997;219502;1;6;HAMON;10887
89;Yonne;241918;52739;189179;3404;1222;184553;1;6;HAMON;8846
90;Territoire de Belfort;95290;21638;73652;1439;639;71574;1;6;DUPONT-AIGNAN;3770
91;Essonne;795227;157440;637787;10240;4060;623487;1;6;HAMON;42072
92;Hauts-de-Seine;986730;176715;810015;12689;2568;794758;1;6;DUPONT-AIGNAN;21359
93;Seine-Saint-Denis;766894;210952;555942;10148;4592;541202;1;6;DUPONT-AIGNAN;16601
94;Val-de-Marne;785540;164068;621472;9925;3760;607787;1;6;DUPONT-AIGNAN;26252
95;Val-d'Oise;730497;167560;562937;10059;4740;548138;1;6;DUPONT-AIGNAN;24790
ZA;Guadeloupe;316345;189694;126651;5630;8779;112242;1;6;POUTOU;2300
ZB;Martinique;310812;186855;123957;8152;6541;109264;1;6;POUTOU;3217
ZC;Guyane;92935;61010;31925;3831;1255;26839;1;6;POUTOU;1405
ZD;La Réunion;639481;264229;375252;11468;13304;350480;1;6;DUPONT-AIGNAN;10123
ZM;Mayotte;83047;46860;36187;925;2132;33130;1;6;DUPONT-AIGNAN;1019
ZN;Nouvelle-Calédonie;189483;98257;91226;2969;1311;86946;1;6;DUPONT-AIGNAN;2521
ZP;Polynésie française;203940;124527;79413;1929;1862;75622;1;6;DUPONT-AIGNAN;1767
ZS;Saint-Pierre-et-Miquelon;4966;2238;2728;70;26;2632;1;6;DUPONT-AIGNAN;79
ZW;Wallis et Futuna;8464;3053;5411;35;28;5348;1;6;DUPONT-AIGNAN;79
ZX;Saint-Martin/Saint-Barthélemy;25385;17202;8183;211;107;7865;1;6;DUPONT-AIGNAN;216
ZZ;Français établis hors de France;1264113;704383;559730;3169;2442;554119;1;6;DUPONT-AIGNAN;8837
1;Ain;415886;81507;334379;6342;2238;325799;1;7;ASSELINEAU;3612
2;Aisne;375752;80183;295569;5047;2382;288140;1;7;POUTOU;3156
3;Allier;253508;54275;199233;4335;2438;192460;1;7;LASSALLE;2986
4;Alpes-de-Haute-Provence;126578;24323;102255;1808;733;99714;1;7;LASSALLE;1721
5;Hautes-Alpes;109907;20821;89086;1541;618;86927;1;7;LASSALLE;1609
6;Alpes-Maritimes;761761;161903;599858;9089;2837;587932;1;7;ASSELINEAU;6067
7;Ardèche;249258;46618;202640;3896;3188;195556;1;7;LASSALLE;3546
8;Ardennes;194379;44076;150303;2553;947;146803;1;7;POUTOU;1693
9;Ariège;117409;21392;96017;1727;984;93306;1;7;LASSALLE;3304
10;Aube;203847;38951;164896;2745;1083;161068;1;7;POUTOU;1387
11;Aude;272695;52553;220142;3867;1914;214361;1;7;LASSALLE;4642
12;Aveyron;218276;36378;181898;3630;1805;176463;1;7;LASSALLE;6461
13;Bouches-du-Rhône;1372394;300146;1072248;16578;5972;1049698;1;7;LASSALLE;10040
14;Calvados;501153;90313;410840;6292;2926;401622;1;7;POUTOU;5269
15;Cantal;117425;22767;94658;2113;979;91566;1;7;LASSALLE;2840
16;Charente;259954;54980;204974;3736;2225;199013;1;7;LASSALLE;3085
17;Charente-Maritime;491369;99351;392018;6848;3105;382065;1;7;LASSALLE;5276
18;Cher;228983;50910;178073;4010;1377;172686;1;7;POUTOU;2106
19;Corrèze;185277;34299;150978;3429;1936;145613;1;7;LASSALLE;4253
2A;Corse-du-Sud;108781;33758;75023;1208;947;72868;1;7;DUPONT-AIGNAN;2218
2B;Haute-Corse;124875;40907;83968;1666;794;81508;1;7;DUPONT-AIGNAN;2244
21;Côte-d'Or;360658;68680;291978;5118;1736;285124;1;7;POUTOU;2818
22;Côtes-d'Armor;455958;71617;384341;6436;2936;374969;1;7;POUTOU;5468
23;Creuse;93113;19917;73196;1950;995;70251;1;7;LASSALLE;1352
24;Dordogne;314020;57520;256500;5047;2743;248710;1;7;LASSALLE;6050
25;Doubs;368401;76199;292202;5807;2216;284179;1;7;POUTOU;3565
26;Drôme;369489;73210;296279;5470;2068;288741;1;7;LASSALLE;3868
27;Eure;427533;82215;345318;6024;2517;336777;1;7;POUTOU;3933
28;Eure-et-Loir;301466;60474;240992;4533;1680;234779;1;7;POUTOU;2659
29;Finistère;690571;120636;569935;9452;3298;557185;1;7;POUTOU;8250
30;Gard;537939;107277;430662;7032;2948;420682;1;7;LASSALLE;5946
31;Haute-Garonne;906653;170785;735868;11410;5065;719393;1;7;LASSALLE;14445
32;Gers;144959;23027;121932;2166;1083;118683;1;7;LASSALLE;5059
33;Gironde;1086982;216602;870380;13936;5624;850820;1;7;LASSALLE;16460
34;Hérault;800394;159370;641024;10051;4129;626844;1;7;LASSALLE;8461
35;Ille-et-Vilaine;730142;116705;613437;10011;4085;599341;1;7;POUTOU;7065
36;Indre;170409;34911;135498;3081;1483;130934;1;7;POUTOU;1757
37;Indre-et-Loire;428871;80171;348700;6197;2598;339905;1;7;POUTOU;3907
38;Isère;856366;178004;678362;12058;3790;662514;1;7;ASSELINEAU;6558
39;Jura;190332;36524;153808;3168;1071;149569;1;7;LASSALLE;1994
40;Landes;310197;55411;254786;4844;2076;247866;1;7;LASSALLE;10485
41;Loir-et-Cher;245321;46325;198996;3692;1566;193738;1;7;POUTOU;2198
42;Loire;510809;108838;401971;7841;2763;391367;1;7;LASSALLE;5041
43;Haute-Loire;177158;32875;144283;3341;1365;139577;1;7;LASSALLE;3112
44;Loire-Atlantique;993538;162597;830941;14639;4845;811457;1;7;POUTOU;9618
45;Loiret;452607;87974;364633;6397;2664;355572;1;7;POUTOU;3655
46;Lot;136322;22347;113975;2093;1095;110787;1;7;LASSALLE;3073
47;Lot-et-Garonne;240931;46805;194126;3660;1644;188822;1;7;LASSALLE;6083
48;Lozère;59508;9949;49559;904;508;48147;1;7;LASSALLE;1764
49;Maine-et-Loire;569425;97038;472387;9767;3662;458958;1;7;POUTOU;5696
50;Manche;379104;70202;308902;5632;2824;300446;1;7;POUTOU;4134
51;Marne;381696;81265;300431;4851;1811;293769;1;7;POUTOU;2762
52;Haute-Marne;134148;28769;105379;2120;819;102440;1;7;POUTOU;1233
53;Mayenne;222325;36392;185933;4111;1590;180232;1;7;POUTOU;2242
54;Meurthe-et-Moselle;495091;106495;388596;6469;2361;379766;1;7;POUTOU;4483
55;Meuse;137629;27849;109780;1944;791;107045;1;7;POUTOU;1430
56;Morbihan;577012;96113;480899;8518;3546;468835;1;7;POUTOU;6309
57;Moselle;751271;177500;573771;11251;3303;559217;1;7;POUTOU;6975
58;Nièvre;159425;35457;123968;2550;984;120434;1;7;POUTOU;1547
59;Nord;1804668;417073;1387595;24060;9732;1353803;1;7;POUTOU;13151
60;Oise;562085;113254;448831;8040;2998;437793;1;7;POUTOU;4682
61;Orne;208734;38340;170394;3176;1161;166057;1;7;POUTOU;2147
62;Pas-de-Calais;1090368;234194;856174;15351;7671;833152;1;7;POUTOU;9002
63;Puy-de-Dôme;460939;93363;367576;7773;3236;356567;1;7;LASSALLE;7348
64;Pyrénées-Atlantiques;502378;97357;405021;6685;2683;395653;1;7;DUPONT-AIGNAN;14727
65;Hautes-Pyrénées;177690;34275;143415;2528;1198;139689;1;7;DUPONT-AIGNAN;5876
66;Pyrénées-Orientales;347914;73984;273930;4563;2580;266787;1;7;LASSALLE;4634
67;Bas-Rhin;766539;154037;612502;9806;4591;598105;1;7;ASSELINEAU;6841
68;Haut-Rhin;526190;110496;415694;9197;2587;403910;1;7;ASSELINEAU;5217
69;Rhône;1155604;249073;906531;13460;4559;888512;1;7;ASSELINEAU;9188
70;Haute-Saône;179214;34976;144238;2820;1896;139522;1;7;POUTOU;2021
71;Saône-et-Loire;406418;86784;319634;6874;2809;309951;1;7;POUTOU;3588
72;Sarthe;405440;73577;331863;7302;2117;322444;1;7;POUTOU;3565
73;Savoie;310237;62746;247491;4253;1679;241559;1;7;LASSALLE;3152
74;Haute-Savoie;540033;116275;423758;7765;2495;413498;1;7;ASSELINEAU;5021
75;Paris;1301637;210200;1091437;10627;4251;1076559;1;7;ASSELINEAU;8337
76;Seine-Maritime;881658;177294;704364;14085;3753;686526;1;7;POUTOU;8321
77;Seine-et-Marne;881558;183302;698256;13069;4596;680591;1;7;ASSELINEAU;8195
78;Yvelines;951148;177485;773663;10838;3891;758934;1;7;ASSELINEAU;8148
79;Deux-Sèvres;272385;51156;221229;4703;2128;214398;1;7;POUTOU;3483
80;Somme;409014;80489;328525;6124;2765;319636;1;7;POUTOU;3661
81;Tarn;291194;50507;240687;4330;2600;233757;1;7;LASSALLE;7105
82;Tarn-et-Garonne;183341;32623;150718;2559;1358;146801;1;7;LASSALLE;3660
83;Var;794777;169107;625670;9858;3374;612438;1;7;LASSALLE;6933
84;Vaucluse;402323;80602;321721;5606;1887;314228;1;7;LASSALLE;3989
85;Vendée;514442;82867;431575;8356;4389;418830;1;7;POUTOU;5219
86;Vienne;307014;62127;244887;4741;2398;237748;1;7;POUTOU;3642
87;Haute-Vienne;266322;50623;215699;4404;2880;208415;1;7;LASSALLE;3518
88;Vosges;282612;56393;226219;4720;1997;219502;1;7;POUTOU;3229
89;Yonne;241918;52739;189179;3404;1222;184553;1;7;POUTOU;2128
90;Territoire de Belfort;95290;21638;73652;1439;639;71574;1;7;ASSELINEAU;941
91;Essonne;795227;157440;637787;10240;4060;623487;1;7;ASSELINEAU;7514
92;Hauts-de-Seine;986730;176715;810015;12689;2568;794758;1;7;ASSELINEAU;8453
93;Seine-Saint-Denis;766894;210952;555942;10148;4592;541202;1;7;ASSELINEAU;8739
94;Val-de-Marne;785540;164068;621472;9925;3760;607787;1;7;ASSELINEAU;7303
95;Val-d'Oise;730497;167560;562937;10059;4740;548138;1;7;ASSELINEAU;7702
ZA;Guadeloupe;316345;189694;126651;5630;8779;112242;1;7;DUPONT-AIGNAN;2042
ZB;Martinique;310812;186855;123957;8152;6541;109264;1;7;DUPONT-AIGNAN;2338
ZC;Guyane;92935;61010;31925;3831;1255;26839;1;7;ASSELINEAU;480
ZD;La Réunion;639481;264229;375252;11468;13304;350480;1;7;ASSELINEAU;6029
ZM;Mayotte;83047;46860;36187;925;2132;33130;1;7;POUTOU;621
ZN;Nouvelle-Calédonie;189483;98257;91226;2969;1311;86946;1;7;ASSELINEAU;2098
ZP;Polynésie française;203940;124527;79413;1929;1862;75622;1;7;ASSELINEAU;1206
ZS;Saint-Pierre-et-Miquelon;4966;2238;2728;70;26;2632;1;7;POUTOU;64
ZW;Wallis et Futuna;8464;3053;5411;35;28;5348;1;7;ARTHAUD;54
ZX;Saint-Martin/Saint-Barthélemy;25385;17202;8183;211;107;7865;1;7;ASSELINEAU;112
ZZ;Français établis hors de France;1264113;704383;559730;3169;2442;554119;1;7;ASSELINEAU;5578
1;Ain;415886;81507;334379;6342;2238;325799;1;8;LASSALLE;3465
2;Aisne;375752;80183;295569;5047;2382;288140;1;8;ARTHAUD;2763
3;Allier;253508;54275;199233;4335;2438;192460;1;8;POUTOU;2322
4;Alpes-de-Haute-Provence;126578;24323;102255;1808;733;99714;1;8;POUTOU;1178
5;Hautes-Alpes;109907;20821;89086;1541;618;86927;1;8;POUTOU;1049
6;Alpes-Maritimes;761761;161903;599858;9089;2837;587932;1;8;LASSALLE;5262
7;Ardèche;249258;46618;202640;3896;3188;195556;1;8;POUTOU;2602
8;Ardennes;194379;44076;150303;2553;947;146803;1;8;LASSALLE;1406
9;Ariège;117409;21392;96017;1727;984;93306;1;8;POUTOU;1180
10;Aube;203847;38951;164896;2745;1083;161068;1;8;ASSELINEAU;1317
11;Aude;272695;52553;220142;3867;1914;214361;1;8;POUTOU;2507
12;Aveyron;218276;36378;181898;3630;1805;176463;1;8;POUTOU;2322
13;Bouches-du-Rhône;1372394;300146;1072248;16578;5972;1049698;1;8;ASSELINEAU;9418
14;Calvados;501153;90313;410840;6292;2926;401622;1;8;ARTHAUD;3099
15;Cantal;117425;22767;94658;2113;979;91566;1;8;POUTOU;1179
16;Charente;259954;54980;204974;3736;2225;199013;1;8;POUTOU;2724
17;Charente-Maritime;491369;99351;392018;6848;3105;382065;1;8;POUTOU;4876
18;Cher;228983;50910;178073;4010;1377;172686;1;8;LASSALLE;1925
19;Corrèze;185277;34299;150978;3429;1936;145613;1;8;POUTOU;2319
2A;Corse-du-Sud;108781;33758;75023;1208;947;72868;1;8;POUTOU;657
2B;Haute-Corse;124875;40907;83968;1666;794;81508;1;8;POUTOU;717
21;Côte-d'Or;360658;68680;291978;5118;1736;285124;1;8;LASSALLE;2635
22;Côtes-d'Armor;455958;71617;384341;6436;2936;374969;1;8;LASSALLE;3554
23;Creuse;93113;19917;73196;1950;995;70251;1;8;POUTOU;1209
24;Dordogne;314020;57520;256500;5047;2743;248710;1;8;POUTOU;3578
25;Doubs;368401;76199;292202;5807;2216;284179;1;8;ASSELINEAU;3129
26;Drôme;369489;73210;296279;5470;2068;288741;1;8;POUTOU;3174
27;Eure;427533;82215;345318;6024;2517;336777;1;8;ASSELINEAU;2927
28;Eure-et-Loir;301466;60474;240992;4533;1680;234779;1;8;ASSELINEAU;2253
29;Finistère;690571;120636;569935;9452;3298;557185;1;8;LASSALLE;6192
30;Gard;537939;107277;430662;7032;2948;420682;1;8;ASSELINEAU;4096
31;Haute-Garonne;906653;170785;735868;11410;5065;719393;1;8;POUTOU;7116
32;Gers;144959;23027;121932;2166;1083;118683;1;8;POUTOU;1254
33;Gironde;1086982;216602;870380;13936;5624;850820;1;8;POUTOU;13233
34;Hérault;800394;159370;641024;10051;4129;626844;1;8;ASSELINEAU;5919
35;Ille-et-Vilaine;730142;116705;613437;10011;4085;599341;1;8;LASSALLE;4531
36;Indre;170409;34911;135498;3081;1483;130934;1;8;LASSALLE;1728
37;Indre-et-Loire;428871;80171;348700;6197;2598;339905;1;8;LASSALLE;2929
38;Isère;856366;178004;678362;12058;3790;662514;1;8;LASSALLE;6537
39;Jura;190332;36524;153808;3168;1071;149569;1;8;POUTOU;1980
40;Landes;310197;55411;254786;4844;2076;247866;1;8;POUTOU;2875
41;Loir-et-Cher;245321;46325;198996;3692;1566;193738;1;8;LASSALLE;1843
42;Loire;510809;108838;401971;7841;2763;391367;1;8;POUTOU;4107
43;Haute-Loire;177158;32875;144283;3341;1365;139577;1;8;POUTOU;1928
44;Loire-Atlantique;993538;162597;830941;14639;4845;811457;1;8;ASSELINEAU;6129
45;Loiret;452607;87974;364633;6397;2664;355572;1;8;LASSALLE;3203
46;Lot;136322;22347;113975;2093;1095;110787;1;8;POUTOU;1528
47;Lot-et-Garonne;240931;46805;194126;3660;1644;188822;1;8;POUTOU;2292
48;Lozère;59508;9949;49559;904;508;48147;1;8;POUTOU;683
49;Maine-et-Loire;569425;97038;472387;9767;3662;458958;1;8;ARTHAUD;3860
50;Manche;379104;70202;308902;5632;2824;300446;1;8;ARTHAUD;2593
51;Marne;381696;81265;300431;4851;1811;293769;1;8;ASSELINEAU;2441
52;Haute-Marne;134148;28769;105379;2120;819;102440;1;8;LASSALLE;1126
53;Mayenne;222325;36392;185933;4111;1590;180232;1;8;ARTHAUD;1627
54;Meurthe-et-Moselle;495091;106495;388596;6469;2361;379766;1;8;ASSELINEAU;3458
55;Meuse;137629;27849;109780;1944;791;107045;1;8;LASSALLE;1294
56;Morbihan;577012;96113;480899;8518;3546;468835;1;8;LASSALLE;4820
57;Moselle;751271;177500;573771;11251;3303;559217;1;8;ASSELINEAU;5977
58;Nièvre;159425;35457;123968;2550;984;120434;1;8;LASSALLE;1365
59;Nord;1804668;417073;1387595;24060;9732;1353803;1;8;ASSELINEAU;11450
60;Oise;562085;113254;448831;8040;2998;437793;1;8;ASSELINEAU;4666
61;Orne;208734;38340;170394;3176;1161;166057;1;8;ARTHAUD;1513
62;Pas-de-Calais;1090368;234194;856174;15351;7671;833152;1;8;ARTHAUD;8667
63;Puy-de-Dôme;460939;93363;367576;7773;3236;356567;1;8;POUTOU;4730
64;Pyrénées-Atlantiques;502378;97357;405021;6685;2683;395653;1;8;POUTOU;6371
65;Hautes-Pyrénées;177690;34275;143415;2528;1198;139689;1;8;POUTOU;1575
66;Pyrénées-Orientales;347914;73984;273930;4563;2580;266787;1;8;POUTOU;3053
67;Bas-Rhin;766539;154037;612502;9806;4591;598105;1;8;POUTOU;6549
68;Haut-Rhin;526190;110496;415694;9197;2587;403910;1;8;LASSALLE;5004
69;Rhône;1155604;249073;906531;13460;4559;888512;1;8;POUTOU;7146
70;Haute-Saône;179214;34976;144238;2820;1896;139522;1;8;LASSALLE;1512
71;Saône-et-Loire;406418;86784;319634;6874;2809;309951;1;8;LASSALLE;3153
72;Sarthe;405440;73577;331863;7302;2117;322444;1;8;ARTHAUD;2452
73;Savoie;310237;62746;247491;4253;1679;241559;1;8;ASSELINEAU;2608
74;Haute-Savoie;540033;116275;423758;7765;2495;413498;1;8;LASSALLE;4649
75;Paris;1301637;210200;1091437;10627;4251;1076559;1;8;POUTOU;6799
76;Seine-Maritime;881658;177294;704364;14085;3753;686526;1;8;ARTHAUD;5356
77;Seine-et-Marne;881558;183302;698256;13069;4596;680591;1;8;POUTOU;6354
78;Yvelines;951148;177485;773663;10838;3891;758934;1;8;POUTOU;5448
79;Deux-Sèvres;272385;51156;221229;4703;2128;214398;1;8;LASSALLE;2599
80;Somme;409014;80489;328525;6124;2765;319636;1;8;ARTHAUD;3111
81;Tarn;291194;50507;240687;4330;2600;233757;1;8;POUTOU;2721
82;Tarn-et-Garonne;183341;32623;150718;2559;1358;146801;1;8;POUTOU;1573
83;Var;794777;169107;625670;9858;3374;612438;1;8;ASSELINEAU;5860
84;Vaucluse;402323;80602;321721;5606;1887;314228;1;8;ASSELINEAU;2890
85;Vendée;514442;82867;431575;8356;4389;418830;1;8;LASSALLE;3810
86;Vienne;307014;62127;244887;4741;2398;237748;1;8;LASSALLE;2861
87;Haute-Vienne;266322;50623;215699;4404;2880;208415;1;8;POUTOU;3044
88;Vosges;282612;56393;226219;4720;1997;219502;1;8;LASSALLE;2750
89;Yonne;241918;52739;189179;3404;1222;184553;1;8;LASSALLE;1987
90;Territoire de Belfort;95290;21638;73652;1439;639;71574;1;8;POUTOU;886
91;Essonne;795227;157440;637787;10240;4060;623487;1;8;POUTOU;5755
92;Hauts-de-Seine;986730;176715;810015;12689;2568;794758;1;8;POUTOU;5033
93;Seine-Saint-Denis;766894;210952;555942;10148;4592;541202;1;8;POUTOU;6050
94;Val-de-Marne;785540;164068;621472;9925;3760;607787;1;8;POUTOU;5226
95;Val-d'Oise;730497;167560;562937;10059;4740;548138;1;8;POUTOU;5040
ZA;Guadeloupe;316345;189694;126651;5630;8779;112242;1;8;ARTHAUD;1972
ZB;Martinique;310812;186855;123957;8152;6541;109264;1;8;ARTHAUD;2253
ZC;Guyane;92935;61010;31925;3831;1255;26839;1;8;DUPONT-AIGNAN;472
ZD;La Réunion;639481;264229;375252;11468;13304;350480;1;8;ARTHAUD;5190
ZM;Mayotte;83047;46860;36187;925;2132;33130;1;8;ASSELINEAU;408
ZN;Nouvelle-Calédonie;189483;98257;91226;2969;1311;86946;1;8;POUTOU;1284
ZP;Polynésie française;203940;124527;79413;1929;1862;75622;1;8;POUTOU;755
ZS;Saint-Pierre-et-Miquelon;4966;2238;2728;70;26;2632;1;8;LASSALLE;54
ZW;Wallis et Futuna;8464;3053;5411;35;28;5348;1;8;ASSELINEAU;50
ZX;Saint-Martin/Saint-Barthélemy;25385;17202;8183;211;107;7865;1;8;POUTOU;92
ZZ;Français établis hors de France;1264113;704383;559730;3169;2442;554119;1;8;POUTOU;3414
1;Ain;415886;81507;334379;6342;2238;325799;1;9;POUTOU;3098
2;Aisne;375752;80183;295569;5047;2382;288140;1;9;LASSALLE;2264
3;Allier;253508;54275;199233;4335;2438;192460;1;9;ARTHAUD;1540
4;Alpes-de-Haute-Provence;126578;24323;102255;1808;733;99714;1;9;ASSELINEAU;932
5;Hautes-Alpes;109907;20821;89086;1541;618;86927;1;9;ASSELINEAU;783
6;Alpes-Maritimes;761761;161903;599858;9089;2837;587932;1;9;POUTOU;3622
7;Ardèche;249258;46618;202640;3896;3188;195556;1;9;ASSELINEAU;1969
8;Ardennes;194379;44076;150303;2553;947;146803;1;9;ARTHAUD;1378
9;Ariège;117409;21392;96017;1727;984;93306;1;9;ASSELINEAU;799
10;Aube;203847;38951;164896;2745;1083;161068;1;9;LASSALLE;1159
11;Aude;272695;52553;220142;3867;1914;214361;1;9;ASSELINEAU;1783
12;Aveyron;218276;36378;181898;3630;1805;176463;1;9;ASSELINEAU;1304
13;Bouches-du-Rhône;1372394;300146;1072248;16578;5972;1049698;1;9;POUTOU;8006
14;Calvados;501153;90313;410840;6292;2926;401622;1;9;LASSALLE;2911
15;Cantal;117425;22767;94658;2113;979;91566;1;9;ARTHAUD;692
16;Charente;259954;54980;204974;3736;2225;199013;1;9;ARTHAUD;1651
17;Charente-Maritime;491369;99351;392018;6848;3105;382065;1;9;ASSELINEAU;3020
18;Cher;228983;50910;178073;4010;1377;172686;1;9;ARTHAUD;1630
19;Corrèze;185277;34299;150978;3429;1936;145613;1;9;ASSELINEAU;1094
2A;Corse-du-Sud;108781;33758;75023;1208;947;72868;1;9;ASSELINEAU;485
2B;Haute-Corse;124875;40907;83968;1666;794;81508;1;9;ASSELINEAU;480
21;Côte-d'Or;360658;68680;291978;5118;1736;285124;1;9;ASSELINEAU;2457
22;Côtes-d'Armor;455958;71617;384341;6436;2936;374969;1;9;ARTHAUD;3028
23;Creuse;93113;19917;73196;1950;995;70251;1;9;ARTHAUD;684
24;Dordogne;314020;57520;256500;5047;2743;248710;1;9;ASSELINEAU;2128
25;Doubs;368401;76199;292202;5807;2216;284179;1;9;LASSALLE;2532
26;Drôme;369489;73210;296279;5470;2068;288741;1;9;ASSELINEAU;2988
27;Eure;427533;82215;345318;6024;2517;336777;1;9;ARTHAUD;2633
28;Eure-et-Loir;301466;60474;240992;4533;1680;234779;1;9;LASSALLE;1942
29;Finistère;690571;120636;569935;9452;3298;557185;1;9;ASSELINEAU;3697
30;Gard;537939;107277;430662;7032;2948;420682;1;9;POUTOU;4044
31;Haute-Garonne;906653;170785;735868;11410;5065;719393;1;9;ASSELINEAU;5955
32;Gers;144959;23027;121932;2166;1083;118683;1;9;ASSELINEAU;1037
33;Gironde;1086982;216602;870380;13936;5624;850820;1;9;ASSELINEAU;7013
34;Hérault;800394;159370;641024;10051;4129;626844;1;9;POUTOU;5660
35;Ille-et-Vilaine;730142;116705;613437;10011;4085;599341;1;9;ARTHAUD;4339
36;Indre;170409;34911;135498;3081;1483;130934;1;9;ARTHAUD;1390
37;Indre-et-Loire;428871;80171;348700;6197;2598;339905;1;9;ASSELINEAU;2620
38;Isère;856366;178004;678362;12058;3790;662514;1;9;POUTOU;6382
39;Jura;190332;36524;153808;3168;1071;149569;1;9;ASSELINEAU;1330
40;Landes;310197;55411;254786;4844;2076;247866;1;9;ASSELINEAU;1916
41;Loir-et-Cher;245321;46325;198996;3692;1566;193738;1;9;ARTHAUD;1542
42;Loire;510809;108838;401971;7841;2763;391367;1;9;ASSELINEAU;3483
43;Haute-Loire;177158;32875;144283;3341;1365;139577;1;9;ASSELINEAU;1050
44;Loire-Atlantique;993538;162597;830941;14639;4845;811457;1;9;LASSALLE;6029
45;Loiret;452607;87974;364633;6397;2664;355572;1;9;ASSELINEAU;3109
46;Lot;136322;22347;113975;2093;1095;110787;1;9;ASSELINEAU;871
47;Lot-et-Garonne;240931;46805;194126;3660;1644;188822;1;9;ASSELINEAU;1660
48;Lozère;59508;9949;49559;904;508;48147;1;9;ASSELINEAU;354
49;Maine-et-Loire;569425;97038;472387;9767;3662;458958;1;9;LASSALLE;3483
50;Manche;379104;70202;308902;5632;2824;300446;1;9;LASSALLE;2520
51;Marne;381696;81265;300431;4851;1811;293769;1;9;LASSALLE;2350
52;Haute-Marne;134148;28769;105379;2120;819;102440;1;9;ARTHAUD;926
53;Mayenne;222325;36392;185933;4111;1590;180232;1;9;LASSALLE;1525
54;Meurthe-et-Moselle;495091;106495;388596;6469;2361;379766;1;9;LASSALLE;3236
55;Meuse;137629;27849;109780;1944;791;107045;1;9;ARTHAUD;886
56;Morbihan;577012;96113;480899;8518;3546;468835;1;9;ARTHAUD;3291
57;Moselle;751271;177500;573771;11251;3303;559217;1;9;LASSALLE;5763
58;Nièvre;159425;35457;123968;2550;984;120434;1;9;ARTHAUD;1004
59;Nord;1804668;417073;1387595;24060;9732;1353803;1;9;ARTHAUD;10975
60;Oise;562085;113254;448831;8040;2998;437793;1;9;ARTHAUD;3677
61;Orne;208734;38340;170394;3176;1161;166057;1;9;LASSALLE;1480
62;Pas-de-Calais;1090368;234194;856174;15351;7671;833152;1;9;LASSALLE;5832
63;Puy-de-Dôme;460939;93363;367576;7773;3236;356567;1;9;ASSELINEAU;2910
64;Pyrénées-Atlantiques;502378;97357;405021;6685;2683;395653;1;9;ASSELINEAU;2782
65;Hautes-Pyrénées;177690;34275;143415;2528;1198;139689;1;9;ASSELINEAU;1023
66;Pyrénées-Orientales;347914;73984;273930;4563;2580;266787;1;9;ASSELINEAU;2303
67;Bas-Rhin;766539;154037;612502;9806;4591;598105;1;9;LASSALLE;6420
68;Haut-Rhin;526190;110496;415694;9197;2587;403910;1;9;POUTOU;4727
69;Rhône;1155604;249073;906531;13460;4559;888512;1;9;LASSALLE;6703
70;Haute-Saône;179214;34976;144238;2820;1896;139522;1;9;ARTHAUD;1325
71;Saône-et-Loire;406418;86784;319634;6874;2809;309951;1;9;ASSELINEAU;2535
72;Sarthe;405440;73577;331863;7302;2117;322444;1;9;LASSALLE;2141
73;Savoie;310237;62746;247491;4253;1679;241559;1;9;POUTOU;2578
74;Haute-Savoie;540033;116275;423758;7765;2495;413498;1;9;POUTOU;4263
75;Paris;1301637;210200;1091437;10627;4251;1076559;1;9;LASSALLE;5490
76;Seine-Maritime;881658;177294;704364;14085;3753;686526;1;9;ASSELINEAU;5205
77;Seine-et-Marne;881558;183302;698256;13069;4596;680591;1;9;LASSALLE;5182
78;Yvelines;951148;177485;773663;10838;3891;758934;1;9;LASSALLE;5371
79;Deux-Sèvres;272385;51156;221229;4703;2128;214398;1;9;ARTHAUD;1869
80;Somme;409014;80489;328525;6124;2765;319636;1;9;LASSALLE;2365
81;Tarn;291194;50507;240687;4330;2600;233757;1;9;ASSELINEAU;1822
82;Tarn-et-Garonne;183341;32623;150718;2559;1358;146801;1;9;ASSELINEAU;1337
83;Var;794777;169107;625670;9858;3374;612438;1;9;POUTOU;4655
84;Vaucluse;402323;80602;321721;5606;1887;314228;1;9;POUTOU;2804
85;Vendée;514442;82867;431575;8356;4389;418830;1;9;ARTHAUD;3294
86;Vienne;307014;62127;244887;4741;2398;237748;1;9;ARTHAUD;2074
87;Haute-Vienne;266322;50623;215699;4404;2880;208415;1;9;ARTHAUD;1850
88;Vosges;282612;56393;226219;4720;1997;219502;1;9;ASSELINEAU;2223
89;Yonne;241918;52739;189179;3404;1222;184553;1;9;ASSELINEAU;1775
90;Territoire de Belfort;95290;21638;73652;1439;639;71574;1;9;LASSALLE;669
91;Essonne;795227;157440;637787;10240;4060;623487;1;9;LASSALLE;4468
92;Hauts-de-Seine;986730;176715;810015;12689;2568;794758;1;9;LASSALLE;4747
93;Seine-Saint-Denis;766894;210952;555942;10148;4592;541202;1;9;ARTHAUD;3235
94;Val-de-Marne;785540;164068;621472;9925;3760;607787;1;9;LASSALLE;3957
95;Val-d'Oise;730497;167560;562937;10059;4740;548138;1;9;LASSALLE;3975
ZA;Guadeloupe;316345;189694;126651;5630;8779;112242;1;9;ASSELINEAU;1312
ZB;Martinique;310812;186855;123957;8152;6541;109264;1;9;ASSELINEAU;1407
ZC;Guyane;92935;61010;31925;3831;1255;26839;1;9;ARTHAUD;462
ZD;La Réunion;639481;264229;375252;11468;13304;350480;1;9;POUTOU;4377
ZM;Mayotte;83047;46860;36187;925;2132;33130;1;9;ARTHAUD;334
ZN;Nouvelle-Calédonie;189483;98257;91226;2969;1311;86946;1;9;ARTHAUD;836
ZP;Polynésie française;203940;124527;79413;1929;1862;75622;1;9;ARTHAUD;689
ZS;Saint-Pierre-et-Miquelon;4966;2238;2728;70;26;2632;1;9;ASSELINEAU;36
ZW;Wallis et Futuna;8464;3053;5411;35;28;5348;1;9;POUTOU;41
ZX;Saint-Martin/Saint-Barthélemy;25385;17202;8183;211;107;7865;1;9;LASSALLE;68
ZZ;Français établis hors de France;1264113;704383;559730;3169;2442;554119;1;9;LASSALLE;2530
1;Ain;415886;81507;334379;6342;2238;325799;1;10;ARTHAUD;1842
2;Aisne;375752;80183;295569;5047;2382;288140;1;10;ASSELINEAU;2171
3;Allier;253508;54275;199233;4335;2438;192460;1;10;ASSELINEAU;1422
4;Alpes-de-Haute-Provence;126578;24323;102255;1808;733;99714;1;10;ARTHAUD;521
5;Hautes-Alpes;109907;20821;89086;1541;618;86927;1;10;ARTHAUD;411
6;Alpes-Maritimes;761761;161903;599858;9089;2837;587932;1;10;ARTHAUD;1729
7;Ardèche;249258;46618;202640;3896;3188;195556;1;10;ARTHAUD;1303
8;Ardennes;194379;44076;150303;2553;947;146803;1;10;ASSELINEAU;1080
9;Ariège;117409;21392;96017;1727;984;93306;1;10;ARTHAUD;556
10;Aube;203847;38951;164896;2745;1083;161068;1;10;ARTHAUD;1107
11;Aude;272695;52553;220142;3867;1914;214361;1;10;ARTHAUD;1195
12;Aveyron;218276;36378;181898;3630;1805;176463;1;10;ARTHAUD;1106
13;Bouches-du-Rhône;1372394;300146;1072248;16578;5972;1049698;1;10;ARTHAUD;4114
14;Calvados;501153;90313;410840;6292;2926;401622;1;10;ASSELINEAU;2830
15;Cantal;117425;22767;94658;2113;979;91566;1;10;ASSELINEAU;527
16;Charente;259954;54980;204974;3736;2225;199013;1;10;ASSELINEAU;1540
17;Charente-Maritime;491369;99351;392018;6848;3105;382065;1;10;ARTHAUD;2576
18;Cher;228983;50910;178073;4010;1377;172686;1;10;ASSELINEAU;1479
19;Corrèze;185277;34299;150978;3429;1936;145613;1;10;ARTHAUD;1051
2A;Corse-du-Sud;108781;33758;75023;1208;947;72868;1;10;ARTHAUD;218
2B;Haute-Corse;124875;40907;83968;1666;794;81508;1;10;ARTHAUD;277
21;Côte-d'Or;360658;68680;291978;5118;1736;285124;1;10;ARTHAUD;1795
22;Côtes-d'Armor;455958;71617;384341;6436;2936;374969;1;10;ASSELINEAU;2479
23;Creuse;93113;19917;73196;1950;995;70251;1;10;ASSELINEAU;580
24;Dordogne;314020;57520;256500;5047;2743;248710;1;10;ARTHAUD;1626
25;Doubs;368401;76199;292202;5807;2216;284179;1;10;ARTHAUD;2051
26;Drôme;369489;73210;296279;5470;2068;288741;1;10;ARTHAUD;2196
27;Eure;427533;82215;345318;6024;2517;336777;1;10;LASSALLE;2602
28;Eure-et-Loir;301466;60474;240992;4533;1680;234779;1;10;ARTHAUD;1817
29;Finistère;690571;120636;569935;9452;3298;557185;1;10;ARTHAUD;3638
30;Gard;537939;107277;430662;7032;2948;420682;1;10;ARTHAUD;2092
31;Haute-Garonne;906653;170785;735868;11410;5065;719393;1;10;ARTHAUD;3166
32;Gers;144959;23027;121932;2166;1083;118683;1;10;ARTHAUD;677
33;Gironde;1086982;216602;870380;13936;5624;850820;1;10;ARTHAUD;3980
34;Hérault;800394;159370;641024;10051;4129;626844;1;10;ARTHAUD;2496
35;Ille-et-Vilaine;730142;116705;613437;10011;4085;599341;1;10;ASSELINEAU;3994
36;Indre;170409;34911;135498;3081;1483;130934;1;10;ASSELINEAU;1098
37;Indre-et-Loire;428871;80171;348700;6197;2598;339905;1;10;ARTHAUD;2606
38;Isère;856366;178004;678362;12058;3790;662514;1;10;ARTHAUD;3595
39;Jura;190332;36524;153808;3168;1071;149569;1;10;ARTHAUD;1148
40;Landes;310197;55411;254786;4844;2076;247866;1;10;ARTHAUD;1235
41;Loir-et-Cher;245321;46325;198996;3692;1566;193738;1;10;ASSELINEAU;1516
42;Loire;510809;108838;401971;7841;2763;391367;1;10;ARTHAUD;2547
43;Haute-Loire;177158;32875;144283;3341;1365;139577;1;10;ARTHAUD;1043
44;Loire-Atlantique;993538;162597;830941;14639;4845;811457;1;10;ARTHAUD;4785
45;Loiret;452607;87974;364633;6397;2664;355572;1;10;ARTHAUD;2380
46;Lot;136322;22347;113975;2093;1095;110787;1;10;ARTHAUD;723
47;Lot-et-Garonne;240931;46805;194126;3660;1644;188822;1;10;ARTHAUD;1044
48;Lozère;59508;9949;49559;904;508;48147;1;10;ARTHAUD;294
49;Maine-et-Loire;569425;97038;472387;9767;3662;458958;1;10;ASSELINEAU;3439
50;Manche;379104;70202;308902;5632;2824;300446;1;10;ASSELINEAU;2048
51;Marne;381696;81265;300431;4851;1811;293769;1;10;ARTHAUD;2176
52;Haute-Marne;134148;28769;105379;2120;819;102440;1;10;ASSELINEAU;813
53;Mayenne;222325;36392;185933;4111;1590;180232;1;10;ASSELINEAU;1182
54;Meurthe-et-Moselle;495091;106495;388596;6469;2361;379766;1;10;ARTHAUD;2942
55;Meuse;137629;27849;109780;1944;791;107045;1;10;ASSELINEAU;856
56;Morbihan;577012;96113;480899;8518;3546;468835;1;10;ASSELINEAU;3249
57;Moselle;751271;177500;573771;11251;3303;559217;1;10;ARTHAUD;4929
58;Nièvre;159425;35457;123968;2550;984;120434;1;10;ASSELINEAU;959
59;Nord;1804668;417073;1387595;24060;9732;1353803;1;10;LASSALLE;8535
60;Oise;562085;113254;448831;8040;2998;437793;1;10;LASSALLE;3414
61;Orne;208734;38340;170394;3176;1161;166057;1;10;ASSELINEAU;1291
62;Pas-de-Calais;1090368;234194;856174;15351;7671;833152;1;10;ASSELINEAU;5484
63;Puy-de-Dôme;460939;93363;367576;7773;3236;356567;1;10;ARTHAUD;2699
64;Pyrénées-Atlantiques;502378;97357;405021;6685;2683;395653;1;10;ARTHAUD;1799
65;Hautes-Pyrénées;177690;34275;143415;2528;1198;139689;1;10;ARTHAUD;767
66;Pyrénées-Orientales;347914;73984;273930;4563;2580;266787;1;10;ARTHAUD;1477
67;Bas-Rhin;766539;154037;612502;9806;4591;598105;1;10;ARTHAUD;4823
68;Haut-Rhin;526190;110496;415694;9197;2587;403910;1;10;ARTHAUD;3101
69;Rhône;1155604;249073;906531;13460;4559;888512;1;10;ARTHAUD;4061
70;Haute-Saône;179214;34976;144238;2820;1896;139522;1;10;ASSELINEAU;1206
71;Saône-et-Loire;406418;86784;319634;6874;2809;309951;1;10;ARTHAUD;2201
72;Sarthe;405440;73577;331863;7302;2117;322444;1;10;ASSELINEAU;2074
73;Savoie;310237;62746;247491;4253;1679;241559;1;10;ARTHAUD;1219
74;Haute-Savoie;540033;116275;423758;7765;2495;413498;1;10;ARTHAUD;1919
75;Paris;1301637;210200;1091437;10627;4251;1076559;1;10;ARTHAUD;2897
76;Seine-Maritime;881658;177294;704364;14085;3753;686526;1;10;LASSALLE;4383
77;Seine-et-Marne;881558;183302;698256;13069;4596;680591;1;10;ARTHAUD;3706
78;Yvelines;951148;177485;773663;10838;3891;758934;1;10;ARTHAUD;2872
79;Deux-Sèvres;272385;51156;221229;4703;2128;214398;1;10;ASSELINEAU;1478
80;Somme;409014;80489;328525;6124;2765;319636;1;10;ASSELINEAU;2272
81;Tarn;291194;50507;240687;4330;2600;233757;1;10;ARTHAUD;1397
82;Tarn-et-Garonne;183341;32623;150718;2559;1358;146801;1;10;ARTHAUD;830
83;Var;794777;169107;625670;9858;3374;612438;1;10;ARTHAUD;2274
84;Vaucluse;402323;80602;321721;5606;1887;314228;1;10;ARTHAUD;1388
85;Vendée;514442;82867;431575;8356;4389;418830;1;10;ASSELINEAU;2705
86;Vienne;307014;62127;244887;4741;2398;237748;1;10;ASSELINEAU;1896
87;Haute-Vienne;266322;50623;215699;4404;2880;208415;1;10;ASSELINEAU;1557
88;Vosges;282612;56393;226219;4720;1997;219502;1;10;ARTHAUD;2004
89;Yonne;241918;52739;189179;3404;1222;184553;1;10;ARTHAUD;1380
90;Territoire de Belfort;95290;21638;73652;1439;639;71574;1;10;ARTHAUD;592
91;Essonne;795227;157440;637787;10240;4060;623487;1;10;ARTHAUD;2924
92;Hauts-de-Seine;986730;176715;810015;12689;2568;794758;1;10;ARTHAUD;2447
93;Seine-Saint-Denis;766894;210952;555942;10148;4592;541202;1;10;LASSALLE;3160
94;Val-de-Marne;785540;164068;621472;9925;3760;607787;1;10;ARTHAUD;2749
95;Val-d'Oise;730497;167560;562937;10059;4740;548138;1;10;ARTHAUD;2752
ZA;Guadeloupe;316345;189694;126651;5630;8779;112242;1;10;LASSALLE;650
ZB;Martinique;310812;186855;123957;8152;6541;109264;1;10;LASSALLE;870
ZC;Guyane;92935;61010;31925;3831;1255;26839;1;10;LASSALLE;273
ZD;La Réunion;639481;264229;375252;11468;13304;350480;1;10;LASSALLE;1939
ZM;Mayotte;83047;46860;36187;925;2132;33130;1;10;LASSALLE;182
ZN;Nouvelle-Calédonie;189483;98257;91226;2969;1311;86946;1;10;LASSALLE;695
ZP;Polynésie française;203940;124527;79413;1929;1862;75622;1;10;LASSALLE;447
ZS;Saint-Pierre-et-Miquelon;4966;2238;2728;70;26;2632;1;10;ARTHAUD;28
ZW;Wallis et Futuna;8464;3053;5411;35;28;5348;1;10;LASSALLE;29
ZX;Saint-Martin/Saint-Barthélemy;25385;17202;8183;211;107;7865;1;10;ARTHAUD;35
ZZ;Français établis hors de France;1264113;704383;559730;3169;2442;554119;1;10;ARTHAUD;1312
1;Ain;415886;81507;334379;6342;2238;325799;1;11;CHEMINADE;595
2;Aisne;375752;80183;295569;5047;2382;288140;1;11;CHEMINADE;536
3;Allier;253508;54275;199233;4335;2438;192460;1;11;CHEMINADE;353
4;Alpes-de-Haute-Provence;126578;24323;102255;1808;733;99714;1;11;CHEMINADE;205
5;Hautes-Alpes;109907;20821;89086;1541;618;86927;1;11;CHEMINADE;165
6;Alpes-Maritimes;761761;161903;599858;9089;2837;587932;1;11;CHEMINADE;939
7;Ardèche;249258;46618;202640;3896;3188;195556;1;11;CHEMINADE;371
8;Ardennes;194379;44076;150303;2553;947;146803;1;11;CHEMINADE;267
9;Ariège;117409;21392;96017;1727;984;93306;1;11;CHEMINADE;140
10;Aube;203847;38951;164896;2745;1083;161068;1;11;CHEMINADE;289
11;Aude;272695;52553;220142;3867;1914;214361;1;11;CHEMINADE;348
12;Aveyron;218276;36378;181898;3630;1805;176463;1;11;CHEMINADE;313
13;Bouches-du-Rhône;1372394;300146;1072248;16578;5972;1049698;1;11;CHEMINADE;1740
14;Calvados;501153;90313;410840;6292;2926;401622;1;11;CHEMINADE;691
15;Cantal;117425;22767;94658;2113;979;91566;1;11;CHEMINADE;198
16;Charente;259954;54980;204974;3736;2225;199013;1;11;CHEMINADE;450
17;Charente-Maritime;491369;99351;392018;6848;3105;382065;1;11;CHEMINADE;692
18;Cher;228983;50910;178073;4010;1377;172686;1;11;CHEMINADE;345
19;Corrèze;185277;34299;150978;3429;1936;145613;1;11;CHEMINADE;329
2A;Corse-du-Sud;108781;33758;75023;1208;947;72868;1;11;CHEMINADE;117
2B;Haute-Corse;124875;40907;83968;1666;794;81508;1;11;CHEMINADE;136
21;Côte-d'Or;360658;68680;291978;5118;1736;285124;1;11;CHEMINADE;509
22;Côtes-d'Armor;455958;71617;384341;6436;2936;374969;1;11;CHEMINADE;621
23;Creuse;93113;19917;73196;1950;995;70251;1;11;CHEMINADE;174
24;Dordogne;314020;57520;256500;5047;2743;248710;1;11;CHEMINADE;490
25;Doubs;368401;76199;292202;5807;2216;284179;1;11;CHEMINADE;530
26;Drôme;369489;73210;296279;5470;2068;288741;1;11;CHEMINADE;533
27;Eure;427533;82215;345318;6024;2517;336777;1;11;CHEMINADE;602
28;Eure-et-Loir;301466;60474;240992;4533;1680;234779;1;11;CHEMINADE;454
29;Finistère;690571;120636;569935;9452;3298;557185;1;11;CHEMINADE;857
30;Gard;537939;107277;430662;7032;2948;420682;1;11;CHEMINADE;673
31;Haute-Garonne;906653;170785;735868;11410;5065;719393;1;11;CHEMINADE;1291
32;Gers;144959;23027;121932;2166;1083;118683;1;11;CHEMINADE;188
33;Gironde;1086982;216602;870380;13936;5624;850820;1;11;CHEMINADE;1527
34;Hérault;800394;159370;641024;10051;4129;626844;1;11;CHEMINADE;894
35;Ille-et-Vilaine;730142;116705;613437;10011;4085;599341;1;11;CHEMINADE;1021
36;Indre;170409;34911;135498;3081;1483;130934;1;11;CHEMINADE;298
37;Indre-et-Loire;428871;80171;348700;6197;2598;339905;1;11;CHEMINADE;679
38;Isère;856366;178004;678362;12058;3790;662514;1;11;CHEMINADE;1140
39;Jura;190332;36524;153808;3168;1071;149569;1;11;CHEMINADE;285
40;Landes;310197;55411;254786;4844;2076;247866;1;11;CHEMINADE;372
41;Loir-et-Cher;245321;46325;198996;3692;1566;193738;1;11;CHEMINADE;404
42;Loire;510809;108838;401971;7841;2763;391367;1;11;CHEMINADE;667
43;Haute-Loire;177158;32875;144283;3341;1365;139577;1;11;CHEMINADE;282
44;Loire-Atlantique;993538;162597;830941;14639;4845;811457;1;11;CHEMINADE;1354
45;Loiret;452607;87974;364633;6397;2664;355572;1;11;CHEMINADE;702
46;Lot;136322;22347;113975;2093;1095;110787;1;11;CHEMINADE;226
47;Lot-et-Garonne;240931;46805;194126;3660;1644;188822;1;11;CHEMINADE;327
48;Lozère;59508;9949;49559;904;508;48147;1;11;CHEMINADE;93
49;Maine-et-Loire;569425;97038;472387;9767;3662;458958;1;11;CHEMINADE;805
50;Manche;379104;70202;308902;5632;2824;300446;1;11;CHEMINADE;623
51;Marne;381696;81265;300431;4851;1811;293769;1;11;CHEMINADE;525
52;Haute-Marne;134148;28769;105379;2120;819;102440;1;11;CHEMINADE;198
53;Mayenne;222325;36392;185933;4111;1590;180232;1;11;CHEMINADE;329
54;Meurthe-et-Moselle;495091;106495;388596;6469;2361;379766;1;11;CHEMINADE;733
55;Meuse;137629;27849;109780;1944;791;107045;1;11;CHEMINADE;237
56;Morbihan;577012;96113;480899;8518;3546;468835;1;11;CHEMINADE;901
57;Moselle;751271;177500;573771;11251;3303;559217;1;11;CHEMINADE;1167
58;Nièvre;159425;35457;123968;2550;984;120434;1;11;CHEMINADE;234
59;Nord;1804668;417073;1387595;24060;9732;1353803;1;11;CHEMINADE;2338
60;Oise;562085;113254;448831;8040;2998;437793;1;11;CHEMINADE;827
61;Orne;208734;38340;170394;3176;1161;166057;1;11;CHEMINADE;350
62;Pas-de-Calais;1090368;234194;856174;15351;7671;833152;1;11;CHEMINADE;1408
63;Puy-de-Dôme;460939;93363;367576;7773;3236;356567;1;11;CHEMINADE;755
64;Pyrénées-Atlantiques;502378;97357;405021;6685;2683;395653;1;11;CHEMINADE;508
65;Hautes-Pyrénées;177690;34275;143415;2528;1198;139689;1;11;CHEMINADE;200
66;Pyrénées-Orientales;347914;73984;273930;4563;2580;266787;1;11;CHEMINADE;453
67;Bas-Rhin;766539;154037;612502;9806;4591;598105;1;11;CHEMINADE;1197
68;Haut-Rhin;526190;110496;415694;9197;2587;403910;1;11;CHEMINADE;1010
69;Rhône;1155604;249073;906531;13460;4559;888512;1;11;CHEMINADE;1446
70;Haute-Saône;179214;34976;144238;2820;1896;139522;1;11;CHEMINADE;267
71;Saône-et-Loire;406418;86784;319634;6874;2809;309951;1;11;CHEMINADE;510
72;Sarthe;405440;73577;331863;7302;2117;322444;1;11;CHEMINADE;547
73;Savoie;310237;62746;247491;4253;1679;241559;1;11;CHEMINADE;430
74;Haute-Savoie;540033;116275;423758;7765;2495;413498;1;11;CHEMINADE;827
75;Paris;1301637;210200;1091437;10627;4251;1076559;1;11;CHEMINADE;1472
76;Seine-Maritime;881658;177294;704364;14085;3753;686526;1;11;CHEMINADE;1278
77;Seine-et-Marne;881558;183302;698256;13069;4596;680591;1;11;CHEMINADE;1247
78;Yvelines;951148;177485;773663;10838;3891;758934;1;11;CHEMINADE;1358
79;Deux-Sèvres;272385;51156;221229;4703;2128;214398;1;11;CHEMINADE;393
80;Somme;409014;80489;328525;6124;2765;319636;1;11;CHEMINADE;579
81;Tarn;291194;50507;240687;4330;2600;233757;1;11;CHEMINADE;439
82;Tarn-et-Garonne;183341;32623;150718;2559;1358;146801;1;11;CHEMINADE;266
83;Var;794777;169107;625670;9858;3374;612438;1;11;CHEMINADE;977
84;Vaucluse;402323;80602;321721;5606;1887;314228;1;11;CHEMINADE;543
85;Vendée;514442;82867;431575;8356;4389;418830;1;11;CHEMINADE;696
86;Vienne;307014;62127;244887;4741;2398;237748;1;11;CHEMINADE;560
87;Haute-Vienne;266322;50623;215699;4404;2880;208415;1;11;CHEMINADE;440
88;Vosges;282612;56393;226219;4720;1997;219502;1;11;CHEMINADE;455
89;Yonne;241918;52739;189179;3404;1222;184553;1;11;CHEMINADE;341
90;Territoire de Belfort;95290;21638;73652;1439;639;71574;1;11;CHEMINADE;167
91;Essonne;795227;157440;637787;10240;4060;623487;1;11;CHEMINADE;1241
92;Hauts-de-Seine;986730;176715;810015;12689;2568;794758;1;11;CHEMINADE;1345
93;Seine-Saint-Denis;766894;210952;555942;10148;4592;541202;1;11;CHEMINADE;1088
94;Val-de-Marne;785540;164068;621472;9925;3760;607787;1;11;CHEMINADE;1066
95;Val-d'Oise;730497;167560;562937;10059;4740;548138;1;11;CHEMINADE;978
ZA;Guadeloupe;316345;189694;126651;5630;8779;112242;1;11;CHEMINADE;326
ZB;Martinique;310812;186855;123957;8152;6541;109264;1;11;CHEMINADE;373
ZC;Guyane;92935;61010;31925;3831;1255;26839;1;11;CHEMINADE;98
ZD;La Réunion;639481;264229;375252;11468;13304;350480;1;11;CHEMINADE;944
ZM;Mayotte;83047;46860;36187;925;2132;33130;1;11;CHEMINADE;163
ZN;Nouvelle-Calédonie;189483;98257;91226;2969;1311;86946;1;11;CHEMINADE;240
ZP;Polynésie française;203940;124527;79413;1929;1862;75622;1;11;CHEMINADE;201
ZS;Saint-Pierre-et-Miquelon;4966;2238;2728;70;26;2632;1;11;CHEMINADE;9
ZW;Wallis et Futuna;8464;3053;5411;35;28;5348;1;11;CHEMINADE;18
ZX;Saint-Martin/Saint-Barthélemy;25385;17202;8183;211;107;7865;1;11;CHEMINADE;18
ZZ;Français établis hors de France;1264113;704383;559730;3169;2442;554119;1;11;CHEMINADE;1030
1;Ain;415950;93130;322820;28852;8738;285230;2;1;MACRON;173809
2;Aisne;375791;90745;285046;22838;9067;253141;2;2;MACRON;119202
3;Allier;253479;59294;194185;18877;8522;166786;2;1;MACRON;106579
4;Alpes-de-Haute-Provence;126459;29255;97204;9671;3722;83811;2;1;MACRON;48994
5;Hautes-Alpes;109892;24895;84997;8670;2699;73628;2;1;MACRON;47211
6;Alpes-Maritimes;761780;198631;563149;47784;12414;502951;2;1;MACRON;278407
7;Ardèche;249216;54487;194729;19800;7221;167708;2;1;MACRON;104599
8;Ardennes;194349;49886;144463;12787;4681;126995;2;1;MACRON;64424
9;Ariège;117406;26698;90708;10133;4518;76057;2;1;MACRON;47983
10;Aube;203800;45670;158130;13662;4478;139990;2;1;MACRON;75810
11;Aude;272643;61830;210813;20177;8283;182353;2;1;MACRON;100901
12;Aveyron;218097;43851;174246;16715;7353;150178;2;1;MACRON;109340
13;Bouches-du-Rhône;1370057;364020;1006037;81938;26308;897791;2;1;MACRON;519335
14;Calvados;501062;109700;391362;32129;12616;346617;2;1;MACRON;232615
15;Cantal;117394;25279;92115;9039;3727;79349;2;1;MACRON;55411
16;Charente;259951;60540;199411;17707;8088;173616;2;1;MACRON;113700
17;Charente-Maritime;491298;111824;379474;34720;12435;332319;2;1;MACRON;215465
18;Cher;228984;58021;170963;18098;5131;147734;2;1;MACRON;90376
19;Corrèze;185245;38160;147085;15135;7966;123984;2;1;MACRON;88029
2A;Corse-du-Sud;108760;38512;70248;5638;3056;61554;2;1;MACRON;31139
2B;Haute-Corse;124873;45639;79234;6899;4088;68247;2;1;MACRON;35680
21;Côte-d'Or;360646;77255;283391;26652;7973;248766;2;1;MACRON;159645
22;Côtes-d'Armor;455840;87670;368170;32887;12776;322507;2;1;MACRON;236953
23;Creuse;93122;21738;71384;7806;3911;59667;2;1;MACRON;39239
24;Dordogne;313901;65757;248144;25155;12121;210868;2;1;MACRON;135533
25;Doubs;368314;84624;283690;26079;9372;248239;2;1;MACRON;158304
26;Drôme;369462;82109;287353;26411;8638;252304;2;1;MACRON;157992
27;Eure;427522;97296;330226;29221;8730;292275;2;1;MACRON;158858
28;Eure-et-Loir;301455;71216;230239;20669;6454;203116;2;1;MACRON;122420
29;Finistère;690439;144538;545901;51327;14352;480222;2;1;MACRON;371332
30;Gard;537840;130425;407415;37436;13865;356114;2;1;MACRON;194989
31;Haute-Garonne;906832;220547;686285;60572;22453;603260;2;1;MACRON;436665
32;Gers;144950;27635;117315;11574;4746;100995;2;1;MACRON;67571
33;Gironde;1086565;251825;834740;73193;25795;735752;2;1;MACRON;515491
34;Hérault;800264;197629;602635;55367;19702;527566;2;1;MACRON;312419
35;Ille-et-Vilaine;730055;148868;581187;46034;15864;519289;2;1;MACRON;403347
36;Indre;170405;39911;130494;12640;6054;111800;2;1;MACRON;68173
37;Indre-et-Loire;428840;98512;330328;29855;9824;290649;2;1;MACRON;201211
38;Isère;856330;202643;653687;56622;14771;582294;2;1;MACRON;383197
39;Jura;190316;41062;149254;15361;4737;129156;2;1;MACRON;79268
40;Landes;310122;62813;247309;24690;9339;213280;2;1;MACRON;146619
41;Loir-et-Cher;245294;54567;190727;17948;6094;166685;2;1;MACRON;100789
42;Loire;510903;123362;387541;34501;10723;342317;2;1;MACRON;218603
43;Haute-Loire;177116;37641;139475;14104;5026;120345;2;1;MACRON;76233
44;Loire-Atlantique;993413;214740;778673;69975;28145;680553;2;1;MACRON;525200
45;Loiret;452621;103643;348978;30731;9508;308739;2;1;MACRON;195004
46;Lot;136265;27297;108968;11454;4775;92739;2;1;MACRON;66937
47;Lot-et-Garonne;240882;52263;188619;17019;7789;163811;2;1;MACRON;97418
48;Lozère;59496;11884;47612;5008;2335;40269;2;1;MACRON;26994
49;Maine-et-Loire;569235;121568;447667;38496;12573;396598;2;1;MACRON;288817
50;Manche;379038;82803;296235;25189;8256;262790;2;1;MACRON;176664
51;Marne;381657;95150;286507;24483;7957;254067;2;1;MACRON;144840
52;Haute-Marne;134119;32081;102038;9095;3420;89523;2;1;MACRON;45192
53;Mayenne;222338;46235;176103;14820;5510;155773;2;1;MACRON;112192
54;Meurthe-et-Moselle;495086;124859;370227;32546;10029;327652;2;1;MACRON;198750
55;Meuse;137552;31478;106074;9414;3090;93570;2;1;MACRON;48303
56;Morbihan;576899;117229;459670;41362;13638;404670;2;1;MACRON;289594
57;Moselle;751246;201732;549514;46637;12563;490314;2;1;MACRON;282717
58;Nièvre;159382;38170;121212;12103;4441;104668;2;1;MACRON;62722
59;Nord;1804404;482933;1321471;104014;40217;1177240;2;1;MACRON;669806
60;Oise;561950;133699;428251;36747;11446;380058;2;1;MACRON;202509
61;Orne;208691;45577;163114;14762;4798;143554;2;1;MACRON;88484
62;Pas-de-Calais;1090441;262219;828222;62533;30349;735340;2;2;MACRON;352558
63;Puy-de-Dôme;460919;105034;355885;34639;13654;307592;2;1;MACRON;219437
64;Pyrénées-Atlantiques;502323;110333;391990;38518;14478;338994;2;1;MACRON;253617
65;Hautes-Pyrénées;177678;40662;137016;14172;5825;117019;2;1;MACRON;79794
66;Pyrénées-Orientales;347864;86711;261153;23579;13056;224518;2;1;MACRON;118644
67;Bas-Rhin;766650;183249;583401;44707;13965;524729;2;1;MACRON;330941
68;Haut-Rhin;526161;128800;397361;36854;9309;351198;2;1;MACRON;203599
69;Rhône;1155506;289848;865658;69066;19260;777332;2;1;MACRON;572015
70;Haute-Saône;179187;37287;141900;11666;7352;122882;2;1;MACRON;63541
71;Saône-et-Loire;406311;94636;311675;30144;10661;270870;2;1;MACRON;166945
72;Sarthe;405623;94499;311124;33558;8890;268676;2;1;MACRON;170153
73;Savoie;310179;72291;237888;22324;6848;208716;2;1;MACRON;135118
74;Haute-Savoie;538007;127636;410371;37350;10077;362944;2;1;MACRON;249198
75;Paris;1301537;279898;1021639;57868;16744;947027;2;1;MACRON;849257
76;Seine-Maritime;880756;211393;669363;64519;16546;588298;2;1;MACRON;355441
77;Seine-et-Marne;880940;228009;652931;58538;15410;578983;2;1;MACRON;369762
78;Yvelines;950821;225177;725644;57527;15318;652799;2;1;MACRON;503661
79;Deux-Sèvres;272387;57585;214802;18203;6733;189866;2;1;MACRON;135827
80;Somme;408957;90588;318369;25978;9600;282791;2;1;MACRON;153326
81;Tarn;291153;62264;228889;20888;10554;197447;2;1;MACRON;125591
82;Tarn-et-Garonne;183329;39522;143807;12693;5960;125154;2;1;MACRON;71988
83;Var;794665;202023;592642;52879;15270;524493;2;1;MACRON;266724
84;Vaucluse;402307;94108;308199;26871;8250;273078;2;1;MACRON;145965
85;Vendée;514425;103148;411277;33739;14589;362949;2;1;MACRON;253914
86;Vienne;306977;68711;238266;20858;8441;208967;2;1;MACRON;143712
87;Haute-Vienne;266309;57292;209017;19958;10878;178181;2;1;MACRON;126418
88;Vosges;282532;63279;219253;19215;8068;191970;2;1;MACRON;106076
89;Yonne;241891;56989;184902;16813;6499;161590;2;1;MACRON;88939
90;Territoire de Belfort;95258;23179;72079;6777;2829;62473;2;1;MACRON;36345
91;Essonne;795235;199441;595794;50347;15288;530159;2;1;MACRON;382650
92;Hauts-de-Seine;983522;226846;756676;57359;9322;689995;2;1;MACRON;590963
93;Seine-Saint-Denis;766977;249213;517764;38645;12471;466648;2;1;MACRON;367823
94;Val-de-Marne;785586;207455;578131;43777;12536;521818;2;1;MACRON;419145
95;Val-d'Oise;730335;204202;526133;42933;11664;471536;2;1;MACRON;342018
ZA;Guadeloupe;316062;160452;155610;10321;11344;133945;2;1;MACRON;100635
ZB;Martinique;310673;154539;156134;12716;8916;134502;2;1;MACRON;104307
ZC;Guyane;92601;53916;38685;3570;1569;33546;2;1;MACRON;21769
ZD;La Réunion;639391;237141;402250;26385;23867;351998;2;1;MACRON;212081
ZM;Mayotte;82482;44759;37723;1442;2767;33514;2;1;MACRON;19140
ZN;Nouvelle-Calédonie;189368;89370;99998;6535;2344;91119;2;1;MACRON;47902
ZP;Polynésie française;203973;108330;95643;3273;2673;89697;2;1;MACRON;52378
ZS;Saint-Pierre-et-Miquelon;4963;2184;2779;306;155;2318;2;1;MACRON;1467
ZW;Wallis et Futuna;8464;2369;6095;76;61;5958;2;1;MACRON;4715
ZX;Saint-Martin/Saint-Barthélemy;25445;16452;8993;638;233;8122;2;1;MACRON;5282
ZZ;Français établis hors de France;1265230;685276;579954;19514;4681;555759;2;1;MACRON;496344
1;Ain;415950;93130;322820;28852;8738;285230;2;2;LE PEN;111421
2;Aisne;375791;90745;285046;22838;9067;253141;2;1;LE PEN;133939
3;Allier;253479;59294;194185;18877;8522;166786;2;2;LE PEN;60207
4;Alpes-de-Haute-Provence;126459;29255;97204;9671;3722;83811;2;2;LE PEN;34817
5;Hautes-Alpes;109892;24895;84997;8670;2699;73628;2;2;LE PEN;26417
6;Alpes-Maritimes;761780;198631;563149;47784;12414;502951;2;2;LE PEN;224544
7;Ardèche;249216;54487;194729;19800;7221;167708;2;2;LE PEN;63109
8;Ardennes;194349;49886;144463;12787;4681;126995;2;2;LE PEN;62571
9;Ariège;117406;26698;90708;10133;4518;76057;2;2;LE PEN;28074
10;Aube;203800;45670;158130;13662;4478;139990;2;2;LE PEN;64180
11;Aude;272643;61830;210813;20177;8283;182353;2;2;LE PEN;81452
12;Aveyron;218097;43851;174246;16715;7353;150178;2;2;LE PEN;40838
13;Bouches-du-Rhône;1370057;364020;1006037;81938;26308;897791;2;2;LE PEN;378456
14;Calvados;501062;109700;391362;32129;12616;346617;2;2;LE PEN;114002
15;Cantal;117394;25279;92115;9039;3727;79349;2;2;LE PEN;23938
16;Charente;259951;60540;199411;17707;8088;173616;2;2;LE PEN;59916
17;Charente-Maritime;491298;111824;379474;34720;12435;332319;2;2;LE PEN;116854
18;Cher;228984;58021;170963;18098;5131;147734;2;2;LE PEN;57358
19;Corrèze;185245;38160;147085;15135;7966;123984;2;2;LE PEN;35955
2A;Corse-du-Sud;108760;38512;70248;5638;3056;61554;2;2;LE PEN;30415
2B;Haute-Corse;124873;45639;79234;6899;4088;68247;2;2;LE PEN;32567
21;Côte-d'Or;360646;77255;283391;26652;7973;248766;2;2;LE PEN;89121
22;Côtes-d'Armor;455840;87670;368170;32887;12776;322507;2;2;LE PEN;85554
23;Creuse;93122;21738;71384;7806;3911;59667;2;2;LE PEN;20428
24;Dordogne;313901;65757;248144;25155;12121;210868;2;2;LE PEN;75335
25;Doubs;368314;84624;283690;26079;9372;248239;2;2;LE PEN;89935
26;Drôme;369462;82109;287353;26411;8638;252304;2;2;LE PEN;94312
27;Eure;427522;97296;330226;29221;8730;292275;2;2;LE PEN;133417
28;Eure-et-Loir;301455;71216;230239;20669;6454;203116;2;2;LE PEN;80696
29;Finistère;690439;144538;545901;51327;14352;480222;2;2;LE PEN;108890
30;Gard;537840;130425;407415;37436;13865;356114;2;2;LE PEN;161125
31;Haute-Garonne;906832;220547;686285;60572;22453;603260;2;2;LE PEN;166595
32;Gers;144950;27635;117315;11574;4746;100995;2;2;LE PEN;33424
33;Gironde;1086565;251825;834740;73193;25795;735752;2;2;LE PEN;220261
34;Hérault;800264;197629;602635;55367;19702;527566;2;2;LE PEN;215147
35;Ille-et-Vilaine;730055;148868;581187;46034;15864;519289;2;2;LE PEN;115942
36;Indre;170405;39911;130494;12640;6054;111800;2;2;LE PEN;43627
37;Indre-et-Loire;428840;98512;330328;29855;9824;290649;2;2;LE PEN;89438
38;Isère;856330;202643;653687;56622;14771;582294;2;2;LE PEN;199097
39;Jura;190316;41062;149254;15361;4737;129156;2;2;LE PEN;49888
40;Landes;310122;62813;247309;24690;9339;213280;2;2;LE PEN;66661
41;Loir-et-Cher;245294;54567;190727;17948;6094;166685;2;2;LE PEN;65896
42;Loire;510903;123362;387541;34501;10723;342317;2;2;LE PEN;123714
43;Haute-Loire;177116;37641;139475;14104;5026;120345;2;2;LE PEN;44112
44;Loire-Atlantique;993413;214740;778673;69975;28145;680553;2;2;LE PEN;155353
45;Loiret;452621;103643;348978;30731;9508;308739;2;2;LE PEN;113735
46;Lot;136265;27297;108968;11454;4775;92739;2;2;LE PEN;25802
47;Lot-et-Garonne;240882;52263;188619;17019;7789;163811;2;2;LE PEN;66393
48;Lozère;59496;11884;47612;5008;2335;40269;2;2;LE PEN;13275
49;Maine-et-Loire;569235;121568;447667;38496;12573;396598;2;2;LE PEN;107781
50;Manche;379038;82803;296235;25189;8256;262790;2;2;LE PEN;86126
51;Marne;381657;95150;286507;24483;7957;254067;2;2;LE PEN;109227
52;Haute-Marne;134119;32081;102038;9095;3420;89523;2;2;LE PEN;44331
53;Mayenne;222338;46235;176103;14820;5510;155773;2;2;LE PEN;43581
54;Meurthe-et-Moselle;495086;124859;370227;32546;10029;327652;2;2;LE PEN;128902
55;Meuse;137552;31478;106074;9414;3090;93570;2;2;LE PEN;45267
56;Morbihan;576899;117229;459670;41362;13638;404670;2;2;LE PEN;115076
57;Moselle;751246;201732;549514;46637;12563;490314;2;2;LE PEN;207597
58;Nièvre;159382;38170;121212;12103;4441;104668;2;2;LE PEN;41946
59;Nord;1804404;482933;1321471;104014;40217;1177240;2;2;LE PEN;507434
60;Oise;561950;133699;428251;36747;11446;380058;2;2;LE PEN;177549
61;Orne;208691;45577;163114;14762;4798;143554;2;2;LE PEN;55070
62;Pas-de-Calais;1090441;262219;828222;62533;30349;735340;2;1;LE PEN;382782
63;Puy-de-Dôme;460919;105034;355885;34639;13654;307592;2;2;LE PEN;88155
64;Pyrénées-Atlantiques;502323;110333;391990;38518;14478;338994;2;2;LE PEN;85377
65;Hautes-Pyrénées;177678;40662;137016;14172;5825;117019;2;2;LE PEN;37225
66;Pyrénées-Orientales;347864;86711;261153;23579;13056;224518;2;2;LE PEN;105874
67;Bas-Rhin;766650;183249;583401;44707;13965;524729;2;2;LE PEN;193788
68;Haut-Rhin;526161;128800;397361;36854;9309;351198;2;2;LE PEN;147599
69;Rhône;1155506;289848;865658;69066;19260;777332;2;2;LE PEN;205317
70;Haute-Saône;179187;37287;141900;11666;7352;122882;2;2;LE PEN;59341
71;Saône-et-Loire;406311;94636;311675;30144;10661;270870;2;2;LE PEN;103925
72;Sarthe;405623;94499;311124;33558;8890;268676;2;2;LE PEN;98523
73;Savoie;310179;72291;237888;22324;6848;208716;2;2;LE PEN;73598
74;Haute-Savoie;538007;127636;410371;37350;10077;362944;2;2;LE PEN;113746
75;Paris;1301537;279898;1021639;57868;16744;947027;2;2;LE PEN;97770
76;Seine-Maritime;880756;211393;669363;64519;16546;588298;2;2;LE PEN;232857
77;Seine-et-Marne;880940;228009;652931;58538;15410;578983;2;2;LE PEN;209221
78;Yvelines;950821;225177;725644;57527;15318;652799;2;2;LE PEN;149138
79;Deux-Sèvres;272387;57585;214802;18203;6733;189866;2;2;LE PEN;54039
80;Somme;408957;90588;318369;25978;9600;282791;2;2;LE PEN;129465
81;Tarn;291153;62264;228889;20888;10554;197447;2;2;LE PEN;71856
82;Tarn-et-Garonne;183329;39522;143807;12693;5960;125154;2;2;LE PEN;53166
83;Var;794665;202023;592642;52879;15270;524493;2;2;LE PEN;257769
84;Vaucluse;402307;94108;308199;26871;8250;273078;2;2;LE PEN;127113
85;Vendée;514425;103148;411277;33739;14589;362949;2;2;LE PEN;109035
86;Vienne;306977;68711;238266;20858;8441;208967;2;2;LE PEN;65255
87;Haute-Vienne;266309;57292;209017;19958;10878;178181;2;2;LE PEN;51763
88;Vosges;282532;63279;219253;19215;8068;191970;2;2;LE PEN;85894
89;Yonne;241891;56989;184902;16813;6499;161590;2;2;LE PEN;72651
90;Territoire de Belfort;95258;23179;72079;6777;2829;62473;2;2;LE PEN;26128
91;Essonne;795235;199441;595794;50347;15288;530159;2;2;LE PEN;147509
92;Hauts-de-Seine;983522;226846;756676;57359;9322;689995;2;2;LE PEN;99032
93;Seine-Saint-Denis;766977;249213;517764;38645;12471;466648;2;2;LE PEN;98825
94;Val-de-Marne;785586;207455;578131;43777;12536;521818;2;2;LE PEN;102673
95;Val-d'Oise;730335;204202;526133;42933;11664;471536;2;2;LE PEN;129518
ZA;Guadeloupe;316062;160452;155610;10321;11344;133945;2;2;LE PEN;33310
ZB;Martinique;310673;154539;156134;12716;8916;134502;2;2;LE PEN;30195
ZC;Guyane;92601;53916;38685;3570;1569;33546;2;2;LE PEN;11777
ZD;La Réunion;639391;237141;402250;26385;23867;351998;2;2;LE PEN;139917
ZM;Mayotte;82482;44759;37723;1442;2767;33514;2;2;LE PEN;14374
ZN;Nouvelle-Calédonie;189368;89370;99998;6535;2344;91119;2;2;LE PEN;43217
ZP;Polynésie française;203973;108330;95643;3273;2673;89697;2;2;LE PEN;37319
ZS;Saint-Pierre-et-Miquelon;4963;2184;2779;306;155;2318;2;2;LE PEN;851
ZW;Wallis et Futuna;8464;2369;6095;76;61;5958;2;2;LE PEN;1243
ZX;Saint-Martin/Saint-Barthélemy;25445;16452;8993;638;233;8122;2;2;LE PEN;2840
ZZ;Français établis hors de France;1265230;685276;579954;19514;4681;555759;2;2;LE PEN;59415
